experiment_id;sample;sequence;sent_at_ms;rtt_ms;srtt_ms;status
baseline;1;0;0.013;0.09;0.09;received
baseline;2;1;311.357;0.09;0.09;received
baseline;3;2;623.263;0.07;0.09;received
baseline;4;3;911.214;0.07;0.09;received
baseline;5;4;1223.221;0.07;0.08;received
baseline;6;5;1511.261;0.10;0.09;received
baseline;7;6;1823.238;0.08;0.09;received
baseline;8;7;2111.216;0.08;0.08;received
baseline;9;8;2423.244;0.08;0.08;received
baseline;10;9;2711.264;0.08;0.08;received
baseline;11;10;3023.240;0.06;0.08;received
baseline;12;11;3311.230;0.07;0.08;received
baseline;13;12;3623.250;0.08;0.08;received
baseline;14;13;3911.216;0.07;0.08;received
baseline;15;14;4223.251;0.07;0.08;received
baseline;16;15;4511.255;0.08;0.08;received
baseline;17;16;4823.236;0.07;0.08;received
baseline;18;17;5111.223;0.07;0.08;received
baseline;19;18;5423.212;0.09;0.08;received
baseline;20;19;5711.266;0.07;0.08;received
baseline;21;20;6023.248;0.08;0.08;received
baseline;22;21;6311.220;0.08;0.08;received
baseline;23;22;6623.218;0.08;0.08;received
baseline;24;23;6911.225;0.07;0.08;received
baseline;25;24;7223.221;0.08;0.08;received
baseline;26;25;7511.227;0.09;0.08;received
baseline;27;26;7823.239;0.07;0.08;received
baseline;28;27;8111.272;0.08;0.08;received
baseline;29;28;8423.239;0.09;0.08;received
baseline;30;29;8711.217;0.08;0.08;received
baseline;31;30;9023.252;0.10;0.08;received
baseline;32;31;9311.220;0.08;0.08;received
baseline;33;32;9623.262;0.08;0.08;received
baseline;34;33;9911.214;0.08;0.08;received
baseline;35;34;10223.257;0.08;0.08;received
baseline;36;35;10511.211;0.08;0.08;received
baseline;37;36;10823.235;0.08;0.08;received
baseline;38;37;11111.236;0.07;0.08;received
baseline;39;38;11423.261;0.09;0.08;received
baseline;40;39;11711.256;0.08;0.08;received
baseline;41;40;12023.223;0.08;0.08;received
baseline;42;41;12311.277;0.08;0.08;received
baseline;43;42;12623.255;0.09;0.08;received
baseline;44;43;12911.244;0.12;0.09;received
baseline;45;44;13223.272;0.07;0.08;received
baseline;46;45;13511.264;0.08;0.08;received
baseline;47;46;13823.218;0.09;0.09;received
baseline;48;47;14111.238;0.08;0.08;received
baseline;49;48;14423.224;0.08;0.08;received
baseline;50;49;14711.224;0.08;0.08;received
baseline;51;50;15023.261;0.08;0.08;received
baseline;52;51;15311.289;0.07;0.08;received
baseline;53;52;15623.277;0.08;0.08;received
baseline;54;53;15911.252;0.08;0.08;received
baseline;55;54;16223.238;0.08;0.08;received
baseline;56;55;16511.262;0.08;0.08;received
baseline;57;56;16823.255;0.08;0.08;received
baseline;58;57;17111.245;0.07;0.08;received
baseline;59;58;17423.303;0.10;0.08;received
baseline;60;59;17711.266;0.09;0.08;received
delay_50;1;0;0.014;50.18;50.18;received
delay_50;2;1;313.189;50.17;50.18;received
delay_50;3;2;601.172;50.23;50.19;received
delay_50;4;3;913.195;50.17;50.19;received
delay_50;5;4;1201.168;50.20;50.19;received
delay_50;6;5;1513.205;50.16;50.18;received
delay_50;7;6;1801.661;50.30;50.20;received
delay_50;8;7;2113.217;50.18;50.20;received
delay_50;9;8;2401.193;50.20;50.20;received
delay_50;10;9;2713.198;50.18;50.19;received
delay_50;11;10;3001.197;50.19;50.19;received
delay_50;12;11;3313.200;50.17;50.19;received
delay_50;13;12;3601.174;50.18;50.19;received
delay_50;14;13;3913.194;50.19;50.19;received
delay_50;15;14;4201.194;50.20;50.19;received
delay_50;16;15;4513.202;50.18;50.19;received
delay_50;17;16;4801.184;50.18;50.19;received
delay_50;18;17;5113.183;50.20;50.19;received
delay_50;19;18;5401.172;50.20;50.19;received
delay_50;20;19;5713.171;50.15;50.19;received
delay_50;21;20;6001.203;50.17;50.18;received
delay_50;22;21;6313.190;50.19;50.19;received
delay_50;23;22;6601.173;50.18;50.19;received
delay_50;24;23;6913.223;50.19;50.19;received
delay_50;25;24;7201.234;50.19;50.19;received
delay_50;26;25;7513.196;50.22;50.19;received
delay_50;27;26;7801.212;50.16;50.19;received
delay_50;28;27;8113.170;50.20;50.19;received
delay_50;29;28;8401.181;50.20;50.19;received
delay_50;30;29;8713.221;50.32;50.21;received
delay_50;31;30;9001.264;50.29;50.22;received
delay_50;32;31;9313.224;50.22;50.22;received
delay_50;33;32;9601.269;50.30;50.23;received
delay_50;34;33;9913.257;50.21;50.23;received
delay_50;35;34;10201.180;50.18;50.22;received
delay_50;36;35;10513.219;50.22;50.22;received
delay_50;37;36;10801.173;50.23;50.22;received
delay_50;38;37;11113.215;50.19;50.22;received
delay_50;39;38;11401.239;50.18;50.21;received
delay_50;40;39;11713.172;50.20;50.21;received
delay_50;41;40;12001.184;50.23;50.21;received
delay_50;42;41;12313.225;50.22;50.21;received
delay_50;43;42;12601.213;50.24;50.22;received
delay_50;44;43;12913.182;50.19;50.21;received
delay_50;45;44;13201.173;50.18;50.21;received
delay_50;46;45;13513.226;50.20;50.21;received
delay_50;47;46;13801.258;50.26;50.21;received
delay_50;48;47;14113.246;50.25;50.22;received
delay_50;49;48;14401.209;50.25;50.22;received
delay_50;50;49;14713.242;50.20;50.22;received
delay_50;51;50;15001.205;50.20;50.22;received
delay_50;52;51;15313.203;50.25;50.22;received
delay_50;53;52;15601.215;50.20;50.22;received
delay_50;54;53;15913.234;50.20;50.22;received
delay_50;55;54;16201.194;50.20;50.22;received
delay_50;56;55;16513.214;50.22;50.22;received
delay_50;57;56;16801.201;50.19;50.21;received
delay_50;58;57;17113.194;50.20;50.21;received
delay_50;59;58;17401.186;50.19;50.21;received
delay_50;60;59;17713.186;50.19;50.21;received
delay_100;1;0;0.014;100.23;100.23;received
delay_100;2;1;313.233;100.23;100.23;received
delay_100;3;2;605.242;100.23;100.23;received
delay_100;4;3;921.227;100.21;100.23;received
delay_100;5;4;1213.227;100.23;100.23;received
delay_100;6;5;1505.240;100.20;100.22;received
delay_100;7;6;1821.231;100.21;100.22;received
delay_100;8;7;2113.202;100.18;100.22;received
delay_100;9;8;2405.228;100.21;100.22;received
delay_100;10;9;2721.191;100.17;100.21;received
delay_100;11;10;3013.183;100.16;100.20;received
delay_100;12;11;3305.188;100.17;100.20;received
delay_100;13;12;3621.188;100.21;100.20;received
delay_100;14;13;3913.224;100.19;100.20;received
delay_100;15;14;4205.218;100.30;100.21;received
delay_100;16;15;4521.185;100.18;100.21;received
delay_100;17;16;4813.219;100.23;100.21;received
delay_100;18;17;5105.211;100.20;100.21;received
delay_100;19;18;5421.186;100.21;100.21;received
delay_100;20;19;5713.198;100.28;100.22;received
delay_100;21;20;6005.246;100.19;100.22;received
delay_100;22;21;6321.191;100.18;100.21;received
delay_100;23;22;6613.225;100.31;100.22;received
delay_100;24;23;6905.187;100.20;100.22;received
delay_100;25;24;7221.224;100.19;100.22;received
delay_100;26;25;7513.218;100.19;100.21;received
delay_100;27;26;7805.189;100.29;100.22;received
delay_100;28;27;8121.229;100.21;100.22;received
delay_100;29;28;8413.246;100.20;100.22;received
delay_100;30;29;8705.219;100.21;100.22;received
delay_100;31;30;9021.180;100.20;100.22;received
delay_100;32;31;9313.208;100.20;100.21;received
delay_100;33;32;9605.252;100.23;100.22;received
delay_100;34;33;9921.225;100.20;100.21;received
delay_100;35;34;10213.220;100.19;100.21;received
delay_100;36;35;10505.205;100.19;100.21;received
delay_100;37;36;10821.228;100.17;100.20;received
delay_100;38;37;11113.246;100.20;100.20;received
delay_100;39;38;11405.215;100.19;100.20;received
delay_100;40;39;11721.237;100.21;100.20;received
delay_100;41;40;12013.224;100.20;100.20;received
delay_100;42;41;12305.210;100.26;100.21;received
delay_100;43;42;12621.226;100.24;100.21;received
delay_100;44;43;12913.183;100.20;100.21;received
delay_100;45;44;13205.208;100.20;100.21;received
delay_100;46;45;13521.185;100.20;100.21;received
delay_100;47;46;13813.224;100.22;100.21;received
delay_100;48;47;14105.219;100.21;100.21;received
delay_100;49;48;14421.217;100.20;100.21;received
delay_100;50;49;14713.206;100.19;100.21;received
delay_100;51;50;15005.234;100.27;100.22;received
delay_100;52;51;15321.216;100.19;100.21;received
delay_100;53;52;15613.226;100.20;100.21;received
delay_100;54;53;15905.221;100.18;100.21;received
delay_100;55;54;16221.231;100.23;100.21;received
delay_100;56;55;16513.251;100.19;100.21;received
delay_100;57;56;16805.189;100.17;100.20;received
delay_100;58;57;17121.211;100.19;100.20;received
delay_100;59;58;17413.220;100.18;100.20;received
delay_100;60;59;17705.261;100.19;100.20;received
jitter;1;0;0.016;81.21;81.21;received
jitter;2;1;321.044;130.22;87.34;received
jitter;3;2;617.232;128.20;92.44;received
jitter;4;3;913.018;61.21;88.54;received
jitter;5;4;1213.036;83.25;87.88;received
jitter;6;5;1509.006;61.22;84.55;received
jitter;7;6;1809.045;127.29;89.89;received
jitter;8;7;2101.057;140.26;96.19;received
jitter;9;8;2409.046;126.21;99.94;received
jitter;10;9;2701.028;112.22;101.47;received
jitter;11;10;3004.996;79.22;98.69;received
jitter;12;11;3321.041;79.22;96.26;received
jitter;13;12;3613.013;97.19;96.37;received
jitter;14;13;3901.002;115.23;98.73;received
jitter;15;14;4205.052;114.25;100.67;received
jitter;16;15;4509.002;72.31;97.12;received
jitter;17;16;4821.014;144.20;103.01;received
jitter;18;17;5109.010;141.19;107.78;received
jitter;19;18;5417.028;74.20;103.58;received
jitter;20;19;5705.035;86.22;101.41;received
jitter;21;20;6005.045;125.23;104.39;received
jitter;22;21;6321.099;81.28;101.50;received
jitter;23;22;6617.061;91.24;100.22;received
jitter;24;23;6921.006;112.25;101.72;received
jitter;25;24;7201.052;121.23;104.16;received
jitter;26;25;7513.046;134.29;107.93;received
jitter;27;26;7813.031;76.22;103.96;received
jitter;28;27;8105.028;59.22;98.37;received
jitter;29;28;8401.025;138.22;103.35;received
jitter;30;29;8705.033;99.19;102.83;received
jitter;31;30;9017.007;115.27;104.39;received
jitter;32;31;9321.005;131.24;107.74;received
jitter;33;32;9616.998;129.25;110.43;received
jitter;34;33;9913.031;111.25;110.53;received
jitter;35;34;10213.001;84.21;107.24;received
jitter;36;35;10513.017;117.22;108.49;received
jitter;37;36;10821.024;142.19;112.70;received
jitter;38;37;11105.045;126.17;114.39;received
jitter;39;38;11421.044;129.18;116.23;received
jitter;40;39;11717.014;66.20;109.98;received
jitter;41;40;12021.039;66.16;104.50;received
jitter;42;41;12301.028;85.17;102.09;received
jitter;43;42;12601.039;93.22;100.98;received
jitter;44;43;12909.034;101.17;101.00;received
jitter;45;44;13200.997;144.16;106.40;received
jitter;46;45;13513.027;124.18;108.62;received
jitter;47;46;13805.014;131.22;111.45;received
jitter;48;47;14101.061;80.17;107.54;received
jitter;49;48;14421.056;121.21;109.25;received
jitter;50;49;14709.027;119.23;110.49;received
jitter;51;50;15017.002;119.19;111.58;received
jitter;52;51;15301.035;104.17;110.65;received
jitter;53;52;15621.008;65.20;104.97;received
jitter;54;53;15901.045;89.21;103.00;received
jitter;55;54;16204.997;110.21;103.90;received
jitter;56;55;16505.007;112.25;104.95;received
jitter;57;56;16809.006;145.19;109.98;received
jitter;58;57;17121.006;66.19;104.50;received
jitter;59;58;17400.993;128.17;107.46;received
jitter;60;59;17721.028;99.19;106.43;received
loss_5;1;0;0.013;0.09;0.09;received
loss_5;2;1;309.248;0.08;0.09;received
loss_5;3;2;621.245;0.08;0.09;received
loss_5;4;3;909.281;0.14;0.09;received
loss_5;5;4;1221.297;0.08;0.09;received
loss_5;6;5;1509.265;0.07;0.09;received
loss_5;7;6;1821.215;0.08;0.09;received
loss_5;8;7;2109.218;0.08;0.08;received
loss_5;9;8;2421.261;0.07;0.08;received
loss_5;10;9;2709.246;0.08;0.08;received
loss_5;11;10;3021.220;0.08;0.08;received
loss_5;12;11;3309.218;0.08;0.08;received
loss_5;13;12;3621.257;0.08;0.08;received
loss_5;14;13;3909.219;0.08;0.08;received
loss_5;15;14;4221.305;0.08;0.08;received
loss_5;16;15;4509.243;0.08;0.08;received
loss_5;17;16;4821.237;0.08;0.08;received
loss_5;18;17;5109.228;0.07;0.08;received
loss_5;19;18;5421.232;0.09;0.08;received
loss_5;20;19;5709.246;0.07;0.08;received
loss_5;21;20;6021.245;0.09;0.08;received
loss_5;22;21;6309.240;0.06;0.08;received
loss_5;23;22;6621.243;0.08;0.08;received
loss_5;24;23;6909.232;;;timeout
loss_5;25;24;7221.257;0.08;0.08;received
loss_5;26;25;7509.272;0.08;0.08;received
loss_5;27;26;7821.221;0.08;0.08;received
loss_5;28;27;8109.252;0.08;0.08;received
loss_5;29;28;8421.228;0.08;0.08;received
loss_5;30;29;8709.240;0.08;0.08;received
loss_5;31;30;9021.260;;;timeout
loss_5;32;31;9309.239;0.08;0.08;received
loss_5;33;32;9621.259;0.08;0.08;received
loss_5;34;33;9909.230;0.07;0.08;received
loss_5;35;34;10221.242;0.08;0.08;received
loss_5;36;35;10509.266;0.08;0.08;received
loss_5;37;36;10821.263;0.08;0.08;received
loss_5;38;37;11109.264;0.09;0.08;received
loss_5;39;38;11421.514;0.11;0.08;received
loss_5;40;39;11709.277;;;timeout
loss_5;41;40;12021.267;0.09;0.08;received
loss_5;42;41;12309.272;0.08;0.08;received
loss_5;43;42;12621.230;0.08;0.08;received
loss_5;44;43;12909.214;0.07;0.08;received
loss_5;45;44;13221.254;0.07;0.08;received
loss_5;46;45;13509.246;0.08;0.08;received
loss_5;47;46;13821.250;0.08;0.08;received
loss_5;48;47;14109.267;0.07;0.08;received
loss_5;49;48;14421.268;0.08;0.08;received
loss_5;50;49;14709.294;0.07;0.08;received
loss_5;51;50;15021.249;0.07;0.08;received
loss_5;52;51;15309.276;0.08;0.08;received
loss_5;53;52;15621.234;0.08;0.08;received
loss_5;54;53;15909.212;0.07;0.08;received
loss_5;55;54;16221.262;0.08;0.08;received
loss_5;56;55;16509.253;0.09;0.08;received
loss_5;57;56;16821.249;0.10;0.08;received
loss_5;58;57;17109.258;0.08;0.08;received
loss_5;59;58;17421.212;0.08;0.08;received
loss_5;60;59;17709.270;0.12;0.09;received
combined;1;0;0.014;179.25;179.25;received
combined;2;1;321.178;175.21;178.75;received
combined;3;2;613.175;219.19;183.80;received
combined;4;3;901.226;235.29;190.24;received
combined;5;4;1205.221;193.18;190.61;received
combined;6;5;1517.207;230.26;195.56;received
combined;7;6;1817.204;163.22;191.52;received
combined;8;7;2121.171;236.25;197.11;received
combined;9;8;2405.203;238.22;202.25;received
combined;10;9;2713.200;196.16;201.49;received
combined;11;10;3005.157;183.16;199.20;received
combined;12;11;3305.217;193.16;198.44;received
combined;13;12;3617.204;238.24;203.42;received
combined;14;13;3901.180;245.19;208.64;received
combined;15;14;4217.183;208.18;208.58;received
combined;16;15;4521.174;179.19;204.91;received
combined;17;16;4817.242;187.34;202.71;received
combined;18;17;5121.213;163.22;197.78;received
combined;19;18;5401.204;214.28;199.84;received
combined;20;19;5709.198;177.22;197.01;received
combined;21;20;6005.169;235.27;201.79;received
combined;22;21;6309.220;235.23;205.97;received
combined;23;22;6613.211;241.24;210.38;received
combined;24;23;6901.210;;;timeout
combined;25;24;7213.182;217.19;211.23;received
combined;26;25;7501.160;152.22;203.86;received
combined;27;26;7821.163;186.16;201.64;received
combined;28;27;8101.163;204.16;201.96;received
combined;29;28;8401.160;172.17;198.23;received
combined;30;29;8717.187;154.16;192.72;received
combined;31;30;9013.174;158.16;188.40;received
combined;32;31;9313.219;231.17;193.75;received
combined;33;32;9613.167;226.16;197.80;received
combined;34;33;9909.220;192.15;197.09;received
combined;35;34;10221.205;150.18;191.23;received
combined;36;35;10513.205;232.23;196.35;received
combined;37;36;10817.189;215.20;198.71;received
combined;38;37;11101.201;159.22;193.77;received
combined;39;38;11401.311;180.21;192.08;received
combined;40;39;11701.223;188.23;191.60;received
combined;41;40;12009.184;169.18;188.79;received
combined;42;41;12321.189;179.19;187.59;received
combined;43;42;12617.222;185.26;187.30;received
combined;44;43;12921.163;159.24;183.79;received
combined;45;44;13221.227;245.20;191.47;received
combined;46;45;13513.206;208.23;193.57;received
combined;47;46;13817.204;189.19;193.02;received
combined;48;47;14101.173;159.21;188.79;received
combined;49;48;14401.194;248.23;196.22;received
combined;50;49;14721.171;159.22;191.60;received
combined;51;50;15021.185;233.24;196.80;received
combined;52;51;15301.199;189.54;195.90;received
combined;53;52;15609.184;214.23;198.19;received
combined;54;53;15917.162;217.17;200.56;received
combined;55;54;16205.167;231.22;204.39;received
combined;56;55;16505.205;201.17;203.99;received
combined;57;56;16801.193;245.20;209.14;received
combined;58;57;17117.186;200.17;208.02;received
combined;59;58;17413.209;227.17;210.41;received
combined;60;59;17709.217;218.18;211.38;received
