experiment_id;command;sequence;sent_at_ms;attempts;time_to_ack_ms;rto_ms;status
baseline;1;0;0.024;1;0.12;100.00;acked
baseline;2;2;102.004;1;0.09;100.00;acked
baseline;3;3;206.031;1;0.17;100.00;acked
baseline;4;5;302.034;1;0.09;100.00;acked
baseline;5;6;406.114;1;0.11;100.00;acked
baseline;6;8;502.029;1;0.07;100.00;acked
baseline;7;9;605.999;1;0.09;100.00;acked
baseline;8;11;702.004;1;0.07;100.00;acked
baseline;9;12;805.989;1;0.09;100.00;acked
baseline;10;14;902.017;1;0.09;100.00;acked
baseline;11;15;1005.996;1;0.09;100.00;acked
baseline;12;17;1102.022;1;0.07;100.00;acked
baseline;13;18;1205.997;1;0.09;100.00;acked
baseline;14;20;1302.018;1;0.08;100.00;acked
baseline;15;21;1406.044;1;0.10;100.00;acked
baseline;16;23;1502.032;1;1.69;100.00;acked
baseline;17;24;1606.010;1;0.10;100.00;acked
baseline;18;26;1702.000;1;0.09;100.00;acked
baseline;19;27;1806.451;1;0.12;100.00;acked
baseline;20;29;1902.005;1;0.08;100.00;acked
baseline;21;30;2005.987;1;0.10;100.00;acked
baseline;22;32;2102.047;1;0.08;100.00;acked
baseline;23;33;2206.013;1;0.09;100.00;acked
baseline;24;35;2302.000;1;0.08;100.00;acked
baseline;25;36;2405.996;1;0.10;100.00;acked
baseline;26;38;2502.029;1;0.09;100.00;acked
baseline;27;39;2606.045;1;0.14;100.00;acked
baseline;28;41;2702.031;1;0.09;100.00;acked
baseline;29;42;2806.012;1;0.10;100.00;acked
baseline;30;44;2902.033;1;0.08;100.00;acked
baseline;31;45;3006.008;1;0.10;100.00;acked
baseline;32;47;3102.006;1;0.08;100.00;acked
baseline;33;48;3206.003;1;0.15;100.00;acked
baseline;34;50;3302.021;1;0.09;100.00;acked
baseline;35;51;3406.105;1;0.16;100.00;acked
baseline;36;53;3502.063;1;0.29;100.00;acked
baseline;37;54;3606.002;1;0.11;100.00;acked
baseline;38;56;3702.059;1;0.12;100.00;acked
baseline;39;57;3806.064;1;0.16;100.00;acked
baseline;40;59;3902.041;1;0.10;100.00;acked
baseline;41;60;4005.989;1;0.12;100.00;acked
baseline;42;62;4102.039;1;0.10;100.00;acked
baseline;43;63;4206.029;1;0.15;100.00;acked
baseline;44;65;4302.045;1;0.13;100.00;acked
baseline;45;66;4406.047;1;0.12;100.00;acked
baseline;46;68;4502.057;1;0.14;100.00;acked
baseline;47;69;4606.071;1;0.15;100.00;acked
baseline;48;71;4702.146;1;0.13;100.00;acked
baseline;49;72;4806.011;1;0.09;100.00;acked
baseline;50;74;4902.068;1;0.10;100.00;acked
baseline;51;75;5005.980;1;0.11;100.00;acked
baseline;52;77;5102.019;1;0.09;100.00;acked
baseline;53;78;5206.052;1;0.11;100.00;acked
baseline;54;80;5302.012;1;0.10;100.00;acked
baseline;55;81;5406.071;1;0.26;100.00;acked
baseline;56;83;5501.999;1;0.12;100.00;acked
baseline;57;84;5606.065;1;0.17;100.00;acked
baseline;58;86;5702.055;1;0.14;100.00;acked
baseline;59;87;5806.056;1;0.13;100.00;acked
baseline;60;89;5902.016;1;0.10;100.00;acked
baseline;61;90;6005.996;1;0.12;100.00;acked
baseline;62;92;6102.835;1;0.11;100.00;acked
baseline;63;93;6206.027;1;0.11;100.00;acked
baseline;64;95;6302.055;1;0.10;100.00;acked
baseline;65;96;6406.057;1;0.12;100.00;acked
baseline;66;98;6502.062;1;0.12;100.00;acked
baseline;67;99;6606.074;1;0.14;100.00;acked
baseline;68;101;6702.130;1;0.14;100.00;acked
baseline;69;102;6806.055;1;0.16;100.00;acked
baseline;70;104;6902.098;1;0.30;100.00;acked
baseline;71;105;7006.022;1;0.13;100.00;acked
baseline;72;107;7102.004;1;0.09;100.00;acked
baseline;73;108;7206.056;1;0.18;100.00;acked
baseline;74;110;7302.042;1;0.14;100.00;acked
baseline;75;111;7406.030;1;0.13;100.00;acked
baseline;76;113;7502.026;1;0.14;100.00;acked
baseline;77;114;7606.093;1;0.15;100.00;acked
baseline;78;116;7702.084;1;0.12;100.00;acked
baseline;79;117;7806.072;1;0.16;100.00;acked
baseline;80;119;7902.070;1;0.12;100.00;acked
baseline;81;120;8006.022;1;0.12;100.00;acked
baseline;82;122;8102.072;1;0.12;100.00;acked
baseline;83;123;8205.994;1;0.11;100.00;acked
baseline;84;125;8302.023;1;0.09;100.00;acked
baseline;85;126;8405.992;1;0.11;100.00;acked
baseline;86;128;8501.979;1;0.09;100.00;acked
baseline;87;129;8606.032;1;0.11;100.00;acked
baseline;88;131;8702.121;1;0.13;100.00;acked
baseline;89;132;8805.976;1;0.09;100.00;acked
baseline;90;134;8902.005;1;0.10;100.00;acked
baseline;91;135;9005.993;1;0.09;100.00;acked
baseline;92;137;9101.992;1;0.07;100.00;acked
baseline;93;138;9205.990;1;0.09;100.00;acked
baseline;94;140;9302.011;1;0.07;100.00;acked
baseline;95;141;9406.092;1;0.11;100.00;acked
baseline;96;143;9502.038;1;0.09;100.00;acked
baseline;97;144;9606.031;1;0.11;100.00;acked
baseline;98;146;9702.066;1;0.10;100.00;acked
baseline;99;147;9806.004;1;0.09;100.00;acked
baseline;100;149;9902.023;1;0.07;100.00;acked
baseline;101;150;10006.012;1;0.11;100.00;acked
baseline;102;152;10102.059;1;0.11;100.00;acked
baseline;103;153;10206.047;1;0.11;100.00;acked
baseline;104;155;10302.018;1;0.07;100.00;acked
baseline;105;156;10406.003;1;0.11;100.00;acked
baseline;106;158;10502.028;1;0.09;100.00;acked
baseline;107;159;10606.048;1;0.14;100.00;acked
baseline;108;161;10702.080;1;0.10;100.00;acked
baseline;109;162;10806.028;1;0.13;100.00;acked
baseline;110;164;10902.078;1;0.15;100.00;acked
baseline;111;165;11006.054;1;0.13;100.00;acked
baseline;112;167;11102.069;1;0.12;100.00;acked
baseline;113;168;11206.024;1;0.13;100.00;acked
baseline;114;170;11302.013;1;0.09;100.00;acked
baseline;115;171;11406.020;1;0.12;100.00;acked
baseline;116;173;11502.022;1;0.10;100.00;acked
baseline;117;174;11606.003;1;0.11;100.00;acked
baseline;118;176;11702.009;1;0.11;100.00;acked
baseline;119;177;11806.002;1;0.11;100.00;acked
baseline;120;179;11902.005;1;0.09;100.00;acked
baseline;121;180;12005.998;1;0.12;100.00;acked
baseline;122;182;12102.013;1;0.09;100.00;acked
baseline;123;183;12206.029;1;0.14;100.00;acked
baseline;124;185;12302.046;1;0.12;100.00;acked
baseline;125;186;12406.036;1;0.14;100.00;acked
baseline;126;188;12502.015;1;0.09;100.00;acked
baseline;127;189;12606.053;1;0.15;100.00;acked
baseline;128;191;12702.059;1;0.15;100.00;acked
baseline;129;192;12806.022;1;0.11;100.00;acked
baseline;130;194;12902.035;1;0.12;100.00;acked
baseline;131;195;13006.035;1;0.15;100.00;acked
baseline;132;197;13102.003;1;0.10;100.00;acked
baseline;133;198;13206.007;1;0.12;100.00;acked
baseline;134;200;13302.022;1;0.14;100.00;acked
baseline;135;201;13406.029;1;0.15;100.00;acked
baseline;136;203;13502.022;1;0.10;100.00;acked
baseline;137;204;13606.046;1;0.11;100.00;acked
baseline;138;206;13702.002;1;0.11;100.00;acked
baseline;139;207;13805.990;1;0.09;100.00;acked
baseline;140;209;13902.029;1;0.09;100.00;acked
baseline;141;210;14006.024;1;0.11;100.00;acked
baseline;142;212;14103.127;1;0.13;100.00;acked
baseline;143;213;14206.026;1;0.11;100.00;acked
baseline;144;215;14302.027;1;0.09;100.00;acked
baseline;145;216;14406.025;1;0.11;100.00;acked
baseline;146;218;14502.041;1;0.09;100.00;acked
baseline;147;219;14606.026;1;0.13;100.00;acked
baseline;148;221;14702.019;1;0.10;100.00;acked
baseline;149;222;14806.028;1;0.12;100.00;acked
baseline;150;224;14902.046;1;0.12;100.00;acked
baseline;151;225;15006.034;1;0.11;100.00;acked
baseline;152;227;15102.021;1;0.08;100.00;acked
baseline;153;228;15206.003;1;0.09;100.00;acked
baseline;154;230;15302.103;1;0.10;100.00;acked
baseline;155;231;15406.069;1;0.12;100.00;acked
baseline;156;233;15502.011;1;0.07;100.00;acked
baseline;157;234;15607.548;1;0.12;100.00;acked
baseline;158;236;15702.007;1;0.09;100.00;acked
baseline;159;237;15806.029;1;0.08;100.00;acked
baseline;160;239;15902.016;1;0.08;100.00;acked
baseline;161;240;16006.005;1;0.09;100.00;acked
baseline;162;242;16102.029;1;0.07;100.00;acked
baseline;163;243;16206.055;1;0.09;100.00;acked
baseline;164;245;16302.015;1;0.08;100.00;acked
baseline;165;246;16406.012;1;0.09;100.00;acked
baseline;166;248;16502.046;1;0.08;100.00;acked
baseline;167;249;16606.013;1;0.09;100.00;acked
baseline;168;251;16702.066;1;0.09;100.00;acked
baseline;169;252;16805.995;1;0.09;100.00;acked
baseline;170;254;16902.084;1;0.10;100.00;acked
baseline;171;255;17006.089;1;0.12;100.00;acked
baseline;172;257;17102.008;1;0.08;100.00;acked
baseline;173;258;17206.071;1;0.12;100.00;acked
baseline;174;260;17302.085;1;0.10;100.00;acked
baseline;175;261;17406.070;1;0.14;100.00;acked
baseline;176;263;17502.064;1;0.11;100.00;acked
baseline;177;264;17606.013;1;0.10;100.00;acked
baseline;178;266;17702.062;1;0.07;100.00;acked
baseline;179;267;17805.995;1;0.09;100.00;acked
baseline;180;269;17902.056;1;0.07;100.00;acked
baseline;181;270;18005.981;1;0.08;100.00;acked
baseline;182;272;18102.010;1;0.07;100.00;acked
baseline;183;273;18205.994;1;0.10;100.00;acked
baseline;184;275;18302.000;1;0.08;100.00;acked
baseline;185;276;18406.003;1;0.11;100.00;acked
baseline;186;278;18502.004;1;0.07;100.00;acked
baseline;187;279;18606.002;1;0.09;100.00;acked
baseline;188;281;18702.011;1;0.07;100.00;acked
baseline;189;282;18806.009;1;0.09;100.00;acked
baseline;190;284;18902.009;1;0.09;100.00;acked
baseline;191;285;19006.028;1;0.08;100.00;acked
baseline;192;287;19102.037;1;0.08;100.00;acked
baseline;193;288;19206.038;1;0.12;100.00;acked
baseline;194;290;19302.006;1;0.07;100.00;acked
baseline;195;291;19405.993;1;0.11;100.00;acked
baseline;196;293;19502.059;1;0.11;100.00;acked
baseline;197;294;19605.995;1;0.09;100.00;acked
baseline;198;296;19702.019;1;0.09;100.00;acked
baseline;199;297;19806.005;1;0.11;100.00;acked
baseline;200;299;19902.012;1;0.09;100.00;acked
loss_5;1;0;0.044;1;0.10;100.00;acked
loss_5;2;2;100.671;1;0.07;100.00;acked
loss_5;3;3;204.730;1;0.11;100.00;acked
loss_5;4;5;300.702;1;0.08;100.00;acked
loss_5;5;6;404.649;1;0.10;100.00;acked
loss_5;6;8;500.681;1;0.10;100.00;acked
loss_5;7;9;604.724;2;103.97;100.00;acked
loss_5;8;11;700.672;1;0.08;100.00;acked
loss_5;9;12;804.854;1;0.50;100.00;acked
loss_5;10;14;900.642;1;0.08;100.00;acked
loss_5;11;15;1004.672;1;0.09;100.00;acked
loss_5;12;17;1100.661;1;0.07;100.00;acked
loss_5;13;18;1204.701;1;0.09;100.00;acked
loss_5;14;20;1300.675;1;0.08;100.00;acked
loss_5;15;21;1404.710;2;104.04;100.00;acked
loss_5;16;23;1500.666;1;0.07;100.00;acked
loss_5;17;24;1604.733;1;0.10;100.00;acked
loss_5;18;26;1700.625;1;0.08;100.00;acked
loss_5;19;27;1804.788;1;0.11;100.00;acked
loss_5;20;29;1900.661;1;0.09;100.00;acked
loss_5;21;30;2004.690;1;0.12;100.00;acked
loss_5;22;32;2100.716;1;0.10;100.00;acked
loss_5;23;33;2204.669;1;0.10;100.00;acked
loss_5;24;35;2300.679;1;0.10;100.00;acked
loss_5;25;36;2404.719;1;0.13;100.00;acked
loss_5;26;38;2500.706;1;0.10;100.00;acked
loss_5;27;39;2604.913;2;103.89;100.00;acked
loss_5;28;41;2700.721;1;0.09;100.00;acked
loss_5;29;42;2804.725;1;0.10;100.00;acked
loss_5;30;44;2900.634;1;0.08;100.00;acked
loss_5;31;45;3004.692;1;0.15;100.00;acked
loss_5;32;47;3100.705;1;0.11;100.00;acked
loss_5;33;48;3204.683;2;104.09;100.00;acked
loss_5;34;50;3300.691;1;0.11;100.00;acked
loss_5;35;51;3404.701;2;104.11;100.00;acked
loss_5;36;53;3500.676;1;0.08;100.00;acked
loss_5;37;54;3604.746;1;0.16;100.00;acked
loss_5;38;56;3700.787;1;0.12;100.00;acked
loss_5;39;57;3804.693;1;0.11;100.00;acked
loss_5;40;59;3900.695;1;0.08;100.00;acked
loss_5;41;60;4004.661;1;0.09;100.00;acked
loss_5;42;62;4100.657;1;0.09;100.00;acked
loss_5;43;63;4204.713;1;0.09;100.00;acked
loss_5;44;65;4300.706;1;0.10;100.00;acked
loss_5;45;66;4404.699;1;0.11;100.00;acked
loss_5;46;68;4500.790;1;0.12;100.00;acked
loss_5;47;69;4604.689;1;0.12;100.00;acked
loss_5;48;71;4700.760;1;0.07;100.00;acked
loss_5;49;72;4805.087;2;103.72;100.00;acked
loss_5;50;74;4900.721;1;0.10;100.00;acked
loss_5;51;75;5004.737;1;0.10;100.00;acked
loss_5;52;77;5100.735;1;0.09;100.00;acked
loss_5;53;78;5204.691;2;104.20;100.00;acked
loss_5;54;80;5300.730;1;0.10;100.00;acked
loss_5;55;81;5404.718;1;0.10;100.00;acked
loss_5;56;83;5500.688;1;0.12;100.00;acked
loss_5;57;84;5604.702;1;0.13;100.00;acked
loss_5;58;86;5701.013;1;0.14;100.00;acked
loss_5;59;87;5804.720;1;0.14;100.00;acked
loss_5;60;89;5900.725;2;104.13;100.00;acked
loss_5;61;90;6004.837;1;0.02;100.00;acked
loss_5;62;92;6100.738;1;0.12;100.00;acked
loss_5;63;93;6204.705;1;0.14;100.00;acked
loss_5;64;95;6300.712;2;104.13;100.00;acked
loss_5;65;96;6404.776;1;0.07;100.00;acked
loss_5;66;98;6500.729;1;0.12;100.00;acked
loss_5;67;99;6604.745;1;0.15;100.00;acked
loss_5;68;101;6700.711;1;1.30;100.00;acked
loss_5;69;102;6804.711;1;0.12;100.00;acked
loss_5;70;104;6900.699;1;0.10;100.00;acked
loss_5;71;105;7004.685;1;0.12;100.00;acked
loss_5;72;107;7100.758;3;207.99;100.00;acked
loss_5;73;108;7204.721;1;0.07;100.00;acked
loss_5;74;110;7300.690;1;0.10;100.00;acked
loss_5;75;111;7404.656;1;0.11;100.00;acked
loss_5;76;113;7500.691;1;0.11;100.00;acked
loss_5;77;114;7604.671;1;0.10;100.00;acked
loss_5;78;116;7700.633;1;0.08;100.00;acked
loss_5;79;117;7804.649;1;0.09;100.00;acked
loss_5;80;119;7900.722;1;0.09;100.00;acked
loss_5;81;120;8004.633;1;0.12;100.00;acked
loss_5;82;122;8100.948;1;0.09;100.00;acked
loss_5;83;123;8204.704;2;104.11;100.00;acked
loss_5;84;125;8300.762;2;104.02;100.00;acked
loss_5;85;126;8404.763;1;0.03;100.00;acked
loss_5;86;128;8500.669;1;0.10;100.00;acked
loss_5;87;129;8604.706;1;0.13;100.00;acked
loss_5;88;131;8700.705;1;0.12;100.00;acked
loss_5;89;132;8804.697;2;104.13;100.00;acked
loss_5;90;134;8900.796;1;0.18;100.00;acked
loss_5;91;135;9004.677;1;0.10;100.00;acked
loss_5;92;137;9100.751;1;0.19;100.00;acked
loss_5;93;138;9204.680;1;0.11;100.00;acked
loss_5;94;140;9300.767;1;0.07;100.00;acked
loss_5;95;141;9404.701;1;0.11;100.00;acked
loss_5;96;143;9500.782;1;0.17;100.00;acked
loss_5;97;144;9604.699;1;0.14;100.00;acked
loss_5;98;146;9700.715;1;0.07;100.00;acked
loss_5;99;147;9804.774;1;0.17;100.00;acked
loss_5;100;149;9900.699;1;0.10;100.00;acked
loss_5;101;150;10004.686;1;0.07;100.00;acked
loss_5;102;152;10100.705;1;0.11;100.00;acked
loss_5;103;153;10204.700;1;0.14;100.00;acked
loss_5;104;155;10300.691;1;0.09;100.00;acked
loss_5;105;156;10404.665;1;0.11;100.00;acked
loss_5;106;158;10500.733;1;0.12;100.00;acked
loss_5;107;159;10604.687;2;104.15;100.00;acked
loss_5;108;161;10700.718;2;104.07;100.00;acked
loss_5;109;162;10804.782;1;0.03;100.00;acked
loss_5;110;164;10900.763;1;0.10;100.00;acked
loss_5;111;165;11004.721;1;0.12;100.00;acked
loss_5;112;167;11100.680;1;0.11;100.00;acked
loss_5;113;168;11204.690;1;0.11;100.00;acked
loss_5;114;170;11300.706;1;0.11;100.00;acked
loss_5;115;171;11404.678;1;0.09;100.00;acked
loss_5;116;173;11500.670;1;0.07;100.00;acked
loss_5;117;174;11604.718;1;0.12;100.00;acked
loss_5;118;176;11700.676;1;0.09;100.00;acked
loss_5;119;177;11804.701;2;104.04;100.00;acked
loss_5;120;179;11900.767;1;0.15;100.00;acked
loss_5;121;180;12004.728;1;0.20;100.00;acked
loss_5;122;182;12100.756;1;0.15;100.00;acked
loss_5;123;183;12204.725;1;0.20;100.00;acked
loss_5;124;185;12300.734;1;0.10;100.00;acked
loss_5;125;186;12404.715;1;0.12;100.00;acked
loss_5;126;188;12500.698;1;0.10;100.00;acked
loss_5;127;189;12604.732;1;0.18;100.00;acked
loss_5;128;191;12700.724;1;0.19;100.00;acked
loss_5;129;192;12804.716;1;0.19;100.00;acked
loss_5;130;194;12900.667;1;0.07;100.00;acked
loss_5;131;195;13004.669;1;0.10;100.00;acked
loss_5;132;197;13100.642;1;0.08;100.00;acked
loss_5;133;198;13204.697;3;208.10;100.00;acked
loss_5;134;200;13300.681;1;0.07;100.00;acked
loss_5;135;201;13404.694;1;0.12;100.00;acked
loss_5;136;203;13500.685;2;104.06;100.00;acked
loss_5;137;204;13604.724;1;0.03;100.00;acked
loss_5;138;206;13700.718;1;0.09;100.00;acked
loss_5;139;207;13804.713;2;104.09;100.00;acked
loss_5;140;209;13900.726;1;0.09;100.00;acked
loss_5;141;210;14004.704;1;0.11;100.00;acked
loss_5;142;212;14100.737;1;0.15;100.00;acked
loss_5;143;213;14204.675;1;0.10;100.00;acked
loss_5;144;215;14300.732;1;0.17;100.00;acked
loss_5;145;216;14404.719;1;0.18;100.00;acked
loss_5;146;218;14500.727;1;0.15;100.00;acked
loss_5;147;219;14604.680;1;0.12;100.00;acked
loss_5;148;221;14700.696;2;104.29;100.00;acked
loss_5;149;222;14804.895;1;0.10;100.00;acked
loss_5;150;224;14900.768;1;0.17;100.00;acked
loss_5;151;225;15004.673;1;0.11;100.00;acked
loss_5;152;227;15100.804;1;0.20;100.00;acked
loss_5;153;228;15204.694;1;0.11;100.00;acked
loss_5;154;230;15300.716;1;0.12;100.00;acked
loss_5;155;231;15404.685;1;0.23;100.00;acked
loss_5;156;233;15500.695;1;0.09;100.00;acked
loss_5;157;234;15604.664;1;0.11;100.00;acked
loss_5;158;236;15700.700;1;0.09;100.00;acked
loss_5;159;237;15804.639;1;0.11;100.00;acked
loss_5;160;239;15900.675;1;0.10;100.00;acked
loss_5;161;240;16004.658;1;0.20;100.00;acked
loss_5;162;242;16100.676;1;0.09;100.00;acked
loss_5;163;243;16204.669;1;0.32;100.00;acked
loss_5;164;245;16300.714;1;0.17;100.00;acked
loss_5;165;246;16404.729;1;0.17;100.00;acked
loss_5;166;248;16500.721;1;0.17;100.00;acked
loss_5;167;249;16604.740;1;0.18;100.00;acked
loss_5;168;251;16700.732;1;0.14;100.00;acked
loss_5;169;252;16804.667;2;104.11;100.00;acked
loss_5;170;254;16900.714;1;0.15;100.00;acked
loss_5;171;255;17004.654;1;0.10;100.00;acked
loss_5;172;257;17100.744;1;0.15;100.00;acked
loss_5;173;258;17204.676;1;0.10;100.00;acked
loss_5;174;260;17300.686;1;0.13;100.00;acked
loss_5;175;261;17404.678;1;0.19;100.00;acked
loss_5;176;263;17500.760;1;0.16;100.00;acked
loss_5;177;264;17604.684;1;0.13;100.00;acked
loss_5;178;266;17700.700;1;0.16;100.00;acked
loss_5;179;267;17804.700;2;104.18;100.00;acked
loss_5;180;269;17900.714;1;0.14;100.00;acked
loss_5;181;270;18004.757;1;0.17;100.00;acked
loss_5;182;272;18100.670;2;104.09;100.00;acked
loss_5;183;273;18204.699;1;0.06;100.00;acked
loss_5;184;275;18300.742;1;0.14;100.00;acked
loss_5;185;276;18404.645;1;0.09;100.00;acked
loss_5;186;278;18500.636;1;0.09;100.00;acked
loss_5;187;279;18604.670;1;0.08;100.00;acked
loss_5;188;281;18700.650;2;104.20;100.00;acked
loss_5;189;282;18804.841;1;0.03;100.00;acked
loss_5;190;284;18900.706;1;0.12;100.00;acked
loss_5;191;285;19004.656;1;0.10;100.00;acked
loss_5;192;287;19100.683;2;104.18;100.00;acked
loss_5;193;288;19204.720;1;0.16;100.00;acked
loss_5;194;290;19300.681;1;0.12;100.00;acked
loss_5;195;291;19404.689;1;0.13;100.00;acked
loss_5;196;293;19500.637;1;0.10;100.00;acked
loss_5;197;294;19604.703;1;0.15;100.00;acked
loss_5;198;296;19700.743;1;0.15;100.00;acked
loss_5;199;297;19804.704;2;104.09;100.00;acked
loss_5;200;299;19900.730;1;0.17;100.00;acked
loss_10;1;0;0.017;2;103.81;100.00;acked
loss_10;2;2;103.735;2;104.10;100.00;acked
loss_10;3;3;207.823;1;0.02;100.00;acked
loss_10;4;5;303.721;1;0.14;100.00;acked
loss_10;5;6;407.693;1;0.19;100.00;acked
loss_10;6;8;503.697;2;104.18;100.00;acked
loss_10;7;9;607.847;1;0.03;100.00;acked
loss_10;8;11;703.727;1;0.17;100.00;acked
loss_10;9;12;807.783;2;104.12;100.00;acked
loss_10;10;14;903.680;2;104.15;100.00;acked
loss_10;11;15;1007.819;2;104.04;100.00;acked
loss_10;12;17;1103.736;1;0.14;100.00;acked
loss_10;13;18;1200.147;1;0.12;100.00;acked
loss_10;14;20;1303.770;1;0.12;100.00;acked
loss_10;15;21;1407.811;1;0.13;100.00;acked
loss_10;16;23;1503.697;1;0.13;100.00;acked
loss_10;17;24;1607.691;4;312.16;100.00;acked
loss_10;18;26;1703.756;1;0.10;100.00;acked
loss_10;19;27;1807.766;1;0.16;100.00;acked
loss_10;20;29;1903.647;1;0.13;100.00;acked
loss_10;21;30;2007.707;1;0.15;100.00;acked
loss_10;22;32;2103.754;2;104.12;100.00;acked
loss_10;23;33;2207.858;2;104.11;100.00;acked
loss_10;24;35;2303.766;3;208.09;100.00;acked
loss_10;25;36;2407.932;2;103.93;100.00;acked
loss_10;26;38;2503.815;2;104.05;100.00;acked
loss_10;27;39;2607.837;1;0.03;100.00;acked
loss_10;28;41;2703.765;1;0.12;100.00;acked
loss_10;29;42;2807.757;1;0.12;100.00;acked
loss_10;30;44;2903.817;1;0.21;100.00;acked
loss_10;31;45;3007.687;1;0.13;100.00;acked
loss_10;32;47;3103.673;1;0.12;100.00;acked
loss_10;33;48;3207.777;1;0.11;100.00;acked
loss_10;34;50;3303.703;1;0.10;100.00;acked
loss_10;35;51;3407.763;2;104.12;100.00;acked
loss_10;36;53;3503.781;1;0.12;100.00;acked
loss_10;37;54;3607.783;1;0.20;100.00;acked
loss_10;38;56;3703.749;1;0.11;100.00;acked
loss_10;39;57;3807.776;1;0.10;100.00;acked
loss_10;40;59;3903.746;1;0.11;100.00;acked
loss_10;41;60;4007.689;1;0.15;100.00;acked
loss_10;42;62;4103.744;1;0.11;100.00;acked
loss_10;43;63;4207.686;2;104.12;100.00;acked
loss_10;44;65;4303.691;2;104.22;100.00;acked
loss_10;45;66;4407.845;1;0.08;100.00;acked
loss_10;46;68;4503.678;1;0.11;100.00;acked
loss_10;47;69;4607.671;1;0.11;100.00;acked
loss_10;48;71;4703.782;2;104.11;100.00;acked
loss_10;49;72;4807.875;1;0.03;100.00;acked
loss_10;50;74;4903.711;1;0.09;100.00;acked
loss_10;51;75;5007.660;2;104.17;100.00;acked
loss_10;52;77;5103.726;1;0.11;100.00;acked
loss_10;53;78;5207.711;1;0.10;100.00;acked
loss_10;54;80;5303.667;1;0.11;100.00;acked
loss_10;55;81;5407.721;1;0.08;100.00;acked
loss_10;56;83;5503.719;1;0.08;100.00;acked
loss_10;57;84;5607.722;1;0.11;100.00;acked
loss_10;58;86;5703.707;1;0.08;100.00;acked
loss_10;59;87;5807.672;1;0.11;100.00;acked
loss_10;60;89;5903.719;1;0.11;100.00;acked
loss_10;61;90;6007.719;1;0.10;100.00;acked
loss_10;62;92;6103.739;2;104.05;100.00;acked
loss_10;63;93;6207.714;1;0.10;100.00;acked
loss_10;64;95;6303.725;1;0.09;100.00;acked
loss_10;65;96;6407.658;1;0.22;100.00;acked
loss_10;66;98;6503.746;1;0.12;100.00;acked
loss_10;67;99;6607.703;1;0.09;100.00;acked
loss_10;68;101;6703.725;1;0.08;100.00;acked
loss_10;69;102;6807.706;1;0.09;100.00;acked
loss_10;70;104;6903.714;2;104.19;100.00;acked
loss_10;71;105;7007.818;1;0.09;100.00;acked
loss_10;72;107;7103.705;1;0.07;100.00;acked
loss_10;73;108;7207.728;2;104.02;100.00;acked
loss_10;74;110;7303.685;1;0.08;100.00;acked
loss_10;75;111;7407.738;2;104.04;100.00;acked
loss_10;76;113;7503.696;1;0.08;100.00;acked
loss_10;77;114;7607.724;1;0.10;100.00;acked
loss_10;78;116;7703.718;2;104.21;100.00;acked
loss_10;79;117;7807.907;2;103.93;100.00;acked
loss_10;80;119;7903.756;2;104.14;100.00;acked
loss_10;81;120;8007.840;1;0.06;100.00;acked
loss_10;82;122;8103.800;1;0.09;100.00;acked
loss_10;83;123;8207.744;1;0.08;100.00;acked
loss_10;84;125;8303.695;1;0.10;100.00;acked
loss_10;85;126;8407.699;1;0.10;100.00;acked
loss_10;86;128;8503.706;1;0.07;100.00;acked
loss_10;87;129;8607.745;1;0.09;100.00;acked
loss_10;88;131;8703.693;2;104.21;100.00;acked
loss_10;89;132;8807.864;1;0.05;100.00;acked
loss_10;90;134;8903.714;1;0.15;100.00;acked
loss_10;91;135;9007.733;1;0.16;100.00;acked
loss_10;92;137;9103.733;1;0.12;100.00;acked
loss_10;93;138;9207.714;1;0.15;100.00;acked
loss_10;94;140;9303.740;1;0.13;100.00;acked
loss_10;95;141;9407.731;1;0.17;100.00;acked
loss_10;96;143;9503.765;1;0.12;100.00;acked
loss_10;97;144;9607.727;1;0.15;100.00;acked
loss_10;98;146;9703.765;1;0.13;100.00;acked
loss_10;99;147;9807.713;1;0.13;100.00;acked
loss_10;100;149;9903.711;1;0.10;100.00;acked
loss_10;101;150;10007.704;1;0.12;100.00;acked
loss_10;102;152;10103.723;2;104.11;100.00;acked
loss_10;103;153;10207.825;1;0.02;100.00;acked
loss_10;104;155;10303.705;2;104.13;100.00;acked
loss_10;105;156;10407.766;1;0.07;100.00;acked
loss_10;106;158;10503.701;3;208.07;100.00;acked
loss_10;107;159;10607.711;1;0.08;100.00;acked
loss_10;108;161;10703.726;1;0.11;100.00;acked
loss_10;109;162;10807.668;1;0.14;100.00;acked
loss_10;110;164;10903.720;1;0.07;100.00;acked
loss_10;111;165;11007.695;1;0.12;100.00;acked
loss_10;112;167;11103.708;1;0.09;100.00;acked
loss_10;113;168;11207.705;1;0.09;100.00;acked
loss_10;114;170;11303.696;1;0.07;100.00;acked
loss_10;115;171;11407.725;1;0.14;100.00;acked
loss_10;116;173;11503.674;1;0.08;100.00;acked
loss_10;117;174;11607.718;1;0.11;100.00;acked
loss_10;118;176;11703.672;1;0.08;100.00;acked
loss_10;119;177;11807.738;2;103.98;100.00;acked
loss_10;120;179;11903.688;1;0.09;100.00;acked
loss_10;121;180;12007.650;1;0.08;100.00;acked
loss_10;122;182;12103.725;1;0.07;100.00;acked
loss_10;123;183;12207.648;2;104.13;100.00;acked
loss_10;124;185;12303.657;2;104.22;100.00;acked
loss_10;125;186;12407.773;1;0.12;100.00;acked
loss_10;126;188;12504.001;2;103.87;100.00;acked
loss_10;127;189;12607.762;1;0.12;100.00;acked
loss_10;128;191;12703.701;1;0.14;100.00;acked
loss_10;129;192;12807.684;1;0.09;100.00;acked
loss_10;130;194;12904.285;1;0.10;100.00;acked
loss_10;131;195;13007.681;1;0.09;100.00;acked
loss_10;132;197;13103.664;2;104.15;100.00;acked
loss_10;133;198;13207.800;2;103.94;100.00;acked
loss_10;134;200;13303.685;1;0.09;100.00;acked
loss_10;135;201;13407.689;1;0.08;100.00;acked
loss_10;136;203;13503.706;3;208.01;100.00;acked
loss_10;137;204;13607.776;1;0.14;100.00;acked
loss_10;138;206;13703.693;1;0.09;100.00;acked
loss_10;139;207;13807.765;1;0.09;100.00;acked
loss_10;140;209;13903.751;2;104.28;100.00;acked
loss_10;141;210;14007.923;1;0.11;100.00;acked
loss_10;142;212;14103.745;1;0.12;100.00;acked
loss_10;143;213;14207.782;1;0.11;100.00;acked
loss_10;144;215;14303.714;4;312.15;100.00;acked
loss_10;145;216;14407.780;2;103.98;100.00;acked
loss_10;146;218;14503.751;1;0.09;100.00;acked
loss_10;147;219;14607.741;1;0.09;100.00;acked
loss_10;148;221;14704.049;1;0.09;100.00;acked
loss_10;149;222;14807.705;1;0.10;100.00;acked
loss_10;150;224;14903.711;2;108.99;100.00;acked
loss_10;151;225;15012.613;1;0.09;100.00;acked
loss_10;152;227;15107.696;1;0.08;100.00;acked
loss_10;153;228;15203.685;1;0.15;100.00;acked
loss_10;154;230;15307.749;1;0.07;100.00;acked
loss_10;155;231;15403.699;1;0.08;100.00;acked
loss_10;156;233;15507.695;1;0.11;100.00;acked
loss_10;157;234;15603.734;1;0.10;100.00;acked
loss_10;158;236;15707.728;2;104.15;100.00;acked
loss_10;159;237;15803.680;1;0.12;100.00;acked
loss_10;160;239;15907.714;2;104.17;100.00;acked
loss_10;161;240;16003.667;1;0.11;100.00;acked
loss_10;162;242;16107.702;1;0.09;100.00;acked
loss_10;163;243;16203.679;2;104.18;100.00;acked
loss_10;164;245;16307.848;1;0.02;100.00;acked
loss_10;165;246;16403.706;1;0.12;100.00;acked
loss_10;166;248;16507.693;1;0.11;100.00;acked
loss_10;167;249;16603.716;1;0.10;100.00;acked
loss_10;168;251;16707.707;1;0.12;100.00;acked
loss_10;169;252;16803.713;1;0.13;100.00;acked
loss_10;170;254;16907.680;1;0.12;100.00;acked
loss_10;171;255;17003.694;2;104.72;100.00;acked
loss_10;172;257;17108.401;1;0.02;100.00;acked
loss_10;173;258;17203.738;1;0.11;100.00;acked
loss_10;174;260;17307.797;2;103.94;100.00;acked
loss_10;175;261;17403.683;1;0.13;100.00;acked
loss_10;176;263;17507.647;1;0.07;100.00;acked
loss_10;177;264;17603.678;1;0.08;100.00;acked
loss_10;178;266;17707.663;2;104.16;100.00;acked
loss_10;179;267;17803.667;1;0.11;100.00;acked
loss_10;180;269;17907.698;2;104.11;100.00;acked
loss_10;181;270;18003.738;1;0.13;100.00;acked
loss_10;182;272;18107.784;1;0.16;100.00;acked
loss_10;183;273;18203.695;2;104.08;100.00;acked
loss_10;184;275;18307.707;2;104.11;100.00;acked
loss_10;185;276;18403.661;1;0.09;100.00;acked
loss_10;186;278;18507.743;1;0.07;100.00;acked
loss_10;187;279;18603.698;1;0.08;100.00;acked
loss_10;188;281;18707.739;1;0.11;100.00;acked
loss_10;189;282;18803.749;3;208.01;100.00;acked
loss_10;190;284;18907.762;1;0.04;100.00;acked
loss_10;191;285;19003.692;1;0.08;100.00;acked
loss_10;192;287;19107.726;1;0.09;100.00;acked
loss_10;193;288;19203.699;1;0.16;100.00;acked
loss_10;194;290;19307.720;1;0.07;100.00;acked
loss_10;195;291;19403.682;2;104.08;100.00;acked
loss_10;196;293;19507.713;2;104.03;100.00;acked
loss_10;197;294;19603.707;1;0.08;100.00;acked
loss_10;198;296;19707.672;1;0.11;100.00;acked
loss_10;199;297;19803.712;1;0.15;100.00;acked
loss_10;200;299;19907.703;1;0.10;100.00;acked
loss_20;1;0;0.018;4;312.05;100.00;acked
loss_20;2;2;103.929;1;0.07;100.00;acked
loss_20;3;3;208.268;1;0.02;100.00;acked
loss_20;4;5;303.881;1;0.13;100.00;acked
loss_20;5;6;407.885;3;208.20;100.00;acked
loss_20;6;8;503.862;1;0.10;100.00;acked
loss_20;7;9;607.932;1;0.14;100.00;acked
loss_20;8;11;703.886;1;0.11;100.00;acked
loss_20;9;12;807.853;2;104.11;100.00;acked
loss_20;10;14;903.867;1;0.10;100.00;acked
loss_20;11;15;1007.885;1;0.10;100.00;acked
loss_20;12;17;1103.903;1;0.12;100.00;acked
loss_20;13;18;1207.862;1;0.14;100.00;acked
loss_20;14;20;1303.878;1;0.10;100.00;acked
loss_20;15;21;1407.843;1;0.11;100.00;acked
loss_20;16;23;1503.885;1;0.11;100.00;acked
loss_20;17;24;1600.515;2;103.52;100.00;acked
loss_20;18;26;1703.975;1;0.06;100.00;acked
loss_20;19;27;1807.888;1;0.13;100.00;acked
loss_20;20;29;1903.897;1;0.12;100.00;acked
loss_20;21;30;2007.846;1;0.14;100.00;acked
loss_20;22;32;2103.906;1;0.09;100.00;acked
loss_20;23;33;2207.924;1;0.11;100.00;acked
loss_20;24;35;2303.996;3;207.97;100.00;acked
loss_20;25;36;2407.914;2;104.05;100.00;acked
loss_20;26;38;2503.885;1;0.09;100.00;acked
loss_20;27;39;2608.029;1;0.32;100.00;acked
loss_20;28;41;2703.890;1;0.14;100.00;acked
loss_20;29;42;2807.914;1;0.14;100.00;acked
loss_20;30;44;2903.847;1;0.12;100.00;acked
loss_20;31;45;3007.846;1;0.10;100.00;acked
loss_20;32;47;3103.857;1;0.15;100.00;acked
loss_20;33;48;3207.869;1;0.11;100.00;acked
loss_20;34;50;3303.857;1;0.08;100.00;acked
loss_20;35;51;3407.882;2;104.05;100.00;acked
loss_20;36;53;3503.839;3;208.06;100.00;acked
loss_20;37;54;3607.949;1;0.04;100.00;acked
loss_20;38;56;3703.834;1;0.07;100.00;acked
loss_20;39;57;3807.838;3;208.10;100.00;acked
loss_20;40;59;3903.857;1;0.10;100.00;acked
loss_20;41;60;4007.815;1;0.07;100.00;acked
loss_20;42;62;4103.918;1;0.07;100.00;acked
loss_20;43;63;4207.862;1;0.09;100.00;acked
loss_20;44;65;4303.852;2;104.11;100.00;acked
loss_20;45;66;4407.896;1;0.07;100.00;acked
loss_20;46;68;4503.867;2;104.08;100.00;acked
loss_20;47;69;4607.889;1;0.06;100.00;acked
loss_20;48;71;4703.876;1;0.07;100.00;acked
loss_20;49;72;4807.836;1;0.09;100.00;acked
loss_20;50;74;4903.914;1;0.10;100.00;acked
loss_20;51;75;5007.836;1;0.09;100.00;acked
loss_20;52;77;5103.848;1;0.08;100.00;acked
loss_20;53;78;5207.844;1;0.08;100.00;acked
loss_20;54;80;5303.862;1;0.10;100.00;acked
loss_20;55;81;5407.888;1;0.12;100.00;acked
loss_20;56;83;5503.864;1;0.09;100.00;acked
loss_20;57;84;5607.933;1;0.13;100.00;acked
loss_20;58;86;5703.857;1;0.11;100.00;acked
loss_20;59;87;5807.905;1;0.09;100.00;acked
loss_20;60;89;5903.855;1;0.08;100.00;acked
loss_20;61;90;6007.842;1;0.09;100.00;acked
loss_20;62;92;6103.868;2;104.17;100.00;acked
loss_20;63;93;6207.946;1;0.11;100.00;acked
loss_20;64;95;6303.871;1;0.07;100.00;acked
loss_20;65;96;6407.827;2;104.11;100.00;acked
loss_20;66;98;6503.849;1;0.08;100.00;acked
loss_20;67;99;6607.849;2;104.07;100.00;acked
loss_20;68;101;6703.850;1;0.08;100.00;acked
loss_20;69;102;6807.867;1;0.08;100.00;acked
loss_20;70;104;6903.924;1;0.09;100.00;acked
loss_20;71;105;7007.871;1;0.13;100.00;acked
loss_20;72;107;7103.869;1;0.07;100.00;acked
loss_20;73;108;7207.889;1;0.12;100.00;acked
loss_20;74;110;7303.904;1;0.11;100.00;acked
loss_20;75;111;7407.892;3;208.03;100.00;acked
loss_20;76;113;7503.882;3;208.05;100.00;acked
loss_20;77;114;7607.954;1;0.09;100.00;acked
loss_20;78;116;7703.925;1;0.11;100.00;acked
loss_20;79;117;7807.889;1;0.10;100.00;acked
loss_20;80;119;7903.867;1;0.11;100.00;acked
loss_20;81;120;8007.830;1;0.11;100.00;acked
loss_20;82;122;8103.966;3;208.00;100.00;acked
loss_20;83;123;8207.915;2;104.09;100.00;acked
loss_20;84;125;8303.896;1;0.09;100.00;acked
loss_20;85;126;8407.925;2;104.03;100.00;acked
loss_20;86;128;8503.860;2;104.19;100.00;acked
loss_20;87;129;8607.981;1;0.07;100.00;acked
loss_20;88;131;8703.880;2;104.09;100.00;acked
loss_20;89;132;8807.905;1;0.07;100.00;acked
loss_20;90;134;8903.830;2;104.14;100.00;acked
loss_20;91;135;9007.943;2;104.01;100.00;acked
loss_20;92;137;9103.855;3;208.12;100.00;acked
loss_20;93;138;9207.895;1;0.06;100.00;acked
loss_20;94;140;9303.874;1;0.08;100.00;acked
loss_20;95;141;9407.855;1;0.14;100.00;acked
loss_20;96;143;9503.875;1;0.09;100.00;acked
loss_20;97;144;9607.846;1;0.09;100.00;acked
loss_20;98;146;9703.858;1;0.07;100.00;acked
loss_20;99;147;9807.842;3;208.39;100.00;acked
loss_20;100;149;9903.842;1;0.09;100.00;acked
loss_20;101;150;10007.857;1;0.09;100.00;acked
loss_20;102;152;10103.876;2;104.10;100.00;acked
loss_20;103;153;10207.956;1;0.04;100.00;acked
loss_20;104;155;10303.861;1;0.07;100.00;acked
loss_20;105;156;10407.914;1;0.14;100.00;acked
loss_20;106;158;10503.878;1;0.10;100.00;acked
loss_20;107;159;10601.573;1;0.15;100.00;acked
loss_20;108;161;10703.936;1;0.12;100.00;acked
loss_20;109;162;10807.876;2;104.06;100.00;acked
loss_20;110;164;10903.862;1;0.09;100.00;acked
loss_20;111;165;11007.851;1;0.10;100.00;acked
loss_20;112;167;11103.870;1;0.09;100.00;acked
loss_20;113;168;11207.917;1;0.16;100.00;acked
loss_20;114;170;11303.942;1;0.13;100.00;acked
loss_20;115;171;11407.937;1;0.16;100.00;acked
loss_20;116;173;11503.932;1;0.09;100.00;acked
loss_20;117;174;11607.891;1;0.15;100.00;acked
loss_20;118;176;11703.883;2;104.11;100.00;acked
loss_20;119;177;11807.923;1;0.07;100.00;acked
loss_20;120;179;11903.882;1;0.10;100.00;acked
loss_20;121;180;12007.916;1;0.18;100.00;acked
loss_20;122;182;12103.951;1;0.14;100.00;acked
loss_20;123;183;12207.907;2;104.12;100.00;acked
loss_20;124;185;12303.913;1;0.15;100.00;acked
loss_20;125;186;12407.877;1;0.14;100.00;acked
loss_20;126;188;12503.931;2;104.08;100.00;acked
loss_20;127;189;12607.924;1;0.09;100.00;acked
loss_20;128;191;12703.857;3;208.10;100.00;acked
loss_20;129;192;12807.965;1;0.11;100.00;acked
loss_20;130;194;12903.918;1;0.10;100.00;acked
loss_20;131;195;13007.872;2;104.08;100.00;acked
loss_20;132;197;13103.865;3;208.19;100.00;acked
loss_20;133;198;13208.052;3;207.92;100.00;acked
loss_20;134;200;13303.931;1;0.13;100.00;acked
loss_20;135;201;13407.882;1;0.10;100.00;acked
loss_20;136;203;13503.865;1;0.11;100.00;acked
loss_20;137;204;13607.899;1;0.14;100.00;acked
loss_20;138;206;13703.870;1;0.12;100.00;acked
loss_20;139;207;13807.863;1;0.12;100.00;acked
loss_20;140;209;13903.921;2;104.06;100.00;acked
loss_20;141;210;14007.915;4;312.10;100.00;acked
loss_20;142;212;14103.919;1;0.12;100.00;acked
loss_20;143;213;14207.878;1;0.14;100.00;acked
loss_20;144;215;14303.891;2;104.20;100.00;acked
loss_20;145;216;14400.020;1;0.10;100.00;acked
loss_20;146;218;14503.928;1;0.13;100.00;acked
loss_20;147;219;14607.887;1;0.14;100.00;acked
loss_20;148;221;14703.886;1;0.13;100.00;acked
loss_20;149;222;14807.933;1;0.12;100.00;acked
loss_20;150;224;14903.924;1;0.12;100.00;acked
loss_20;151;225;15007.880;1;0.12;100.00;acked
loss_20;152;227;15103.843;2;104.12;100.00;acked
loss_20;153;228;15207.898;1;0.07;100.00;acked
loss_20;154;230;15303.852;2;104.06;100.00;acked
loss_20;155;231;15407.892;1;0.03;100.00;acked
loss_20;156;233;15503.860;2;104.20;100.00;acked
loss_20;157;234;15607.988;3;207.96;100.00;acked
loss_20;158;236;15703.836;2;104.20;100.00;acked
loss_20;159;237;15808.017;1;0.04;100.00;acked
loss_20;160;239;15903.860;1;0.10;100.00;acked
loss_20;161;240;16007.896;1;0.11;100.00;acked
loss_20;162;242;16103.863;1;0.08;100.00;acked
loss_20;163;243;16207.842;2;104.17;100.00;acked
loss_20;164;245;16303.921;1;0.11;100.00;acked
loss_20;165;246;16408.000;1;0.15;100.00;acked
loss_20;166;248;16503.848;2;104.14;100.00;acked
loss_20;167;249;16607.930;1;0.06;100.00;acked
loss_20;168;251;16703.851;1;0.08;100.00;acked
loss_20;169;252;16807.879;2;104.03;100.00;acked
loss_20;170;254;16903.837;1;0.09;100.00;acked
loss_20;171;255;17007.847;1;0.10;100.00;acked
loss_20;172;257;17103.871;2;104.20;100.00;acked
loss_20;173;258;17208.058;4;311.89;100.00;acked
loss_20;174;260;17303.882;1;0.13;100.00;acked
loss_20;175;261;17407.863;1;0.12;100.00;acked
loss_20;176;263;17503.875;1;0.11;100.00;acked
loss_20;177;264;17607.855;1;0.10;100.00;acked
loss_20;178;266;17703.912;1;0.15;100.00;acked
loss_20;179;267;17807.886;1;0.11;100.00;acked
loss_20;180;269;17903.893;1;0.10;100.00;acked
loss_20;181;270;18007.881;1;0.12;100.00;acked
loss_20;182;272;18103.861;2;104.22;100.00;acked
loss_20;183;273;18207.960;1;0.12;100.00;acked
loss_20;184;275;18303.882;1;0.09;100.00;acked
loss_20;185;276;18407.909;1;0.10;100.00;acked
loss_20;186;278;18503.893;1;0.09;100.00;acked
loss_20;187;279;18607.888;2;104.14;100.00;acked
loss_20;188;281;18703.894;1;0.12;100.00;acked
loss_20;189;282;18807.912;2;104.07;100.00;acked
loss_20;190;284;18903.891;5;416.02;100.00;acked
loss_20;191;285;19007.939;1;0.03;100.00;acked
loss_20;192;287;19103.870;1;0.10;100.00;acked
loss_20;193;288;19207.875;2;104.05;100.00;acked
loss_20;194;290;19303.861;1;0.09;100.00;acked
loss_20;195;291;19407.879;2;104.09;100.00;acked
loss_20;196;293;19503.861;2;104.42;100.00;acked
loss_20;197;294;19608.256;1;0.03;100.00;acked
loss_20;198;296;19703.856;3;208.09;100.00;acked
loss_20;199;297;19807.917;2;104.05;100.00;acked
loss_20;200;299;19903.918;1;0.07;100.00;acked
delay_100_loss_5;1;0;0.012;1;100.68;302.04;acked
delay_100_loss_5;2;2;100.710;1;103.95;217.67;acked
delay_100_loss_5;3;3;204.683;1;103.97;191.77;acked
delay_100_loss_5;4;5;300.631;1;104.11;172.18;acked
delay_100_loss_5;5;6;404.626;1;104.04;157.12;acked
delay_100_loss_5;6;8;500.609;1;104.19;136.88;acked
delay_100_loss_5;7;9;604.651;1;104.06;130.00;acked
delay_100_loss_5;8;11;700.670;1;104.13;120.63;acked
delay_100_loss_5;9;12;804.655;1;104.06;117.37;acked
delay_100_loss_5;10;14;900.670;1;104.11;112.87;acked
delay_100_loss_5;11;15;1004.645;1;104.03;111.21;acked
delay_100_loss_5;12;17;1100.648;1;104.05;108.89;acked
delay_100_loss_5;13;18;1204.596;1;104.06;108.07;acked
delay_100_loss_5;14;20;1300.623;1;104.09;106.91;acked
delay_100_loss_5;15;21;1404.603;1;104.01;106.40;acked
delay_100_loss_5;16;23;1500.631;2;216.00;105.44;acked
delay_100_loss_5;17;24;1604.624;1;104.02;105.68;acked
delay_100_loss_5;18;26;1700.609;1;104.07;105.27;acked
delay_100_loss_5;19;27;1804.596;1;104.05;105.09;acked
delay_100_loss_5;20;29;1900.646;1;104.00;104.78;acked
delay_100_loss_5;21;30;2004.661;2;216.05;104.63;acked
delay_100_loss_5;22;32;2100.607;1;104.06;104.63;acked
delay_100_loss_5;23;33;2204.679;1;104.11;104.62;acked
delay_100_loss_5;24;35;2300.631;1;104.11;104.62;acked
delay_100_loss_5;25;36;2404.627;1;103.97;104.52;acked
delay_100_loss_5;26;38;2500.598;1;104.08;104.39;acked
delay_100_loss_5;27;39;2604.590;1;104.08;104.36;acked
delay_100_loss_5;28;41;2700.648;1;104.00;104.31;acked
delay_100_loss_5;29;42;2804.663;1;104.09;104.30;acked
delay_100_loss_5;30;44;2900.654;1;104.04;104.28;acked
delay_100_loss_5;31;45;3004.725;2;215.99;104.31;acked
delay_100_loss_5;32;47;3100.603;1;104.09;104.31;acked
delay_100_loss_5;33;48;3204.714;1;103.97;104.31;acked
delay_100_loss_5;34;50;3300.655;1;104.00;104.25;acked
delay_100_loss_5;35;51;3404.666;1;104.03;104.19;acked
delay_100_loss_5;36;53;3500.655;1;104.13;104.26;acked
delay_100_loss_5;37;54;3604.644;1;104.09;104.25;acked
delay_100_loss_5;38;56;3700.651;1;106.54;107.02;acked
delay_100_loss_5;39;57;3807.384;1;101.27;109.07;acked
delay_100_loss_5;40;59;3900.838;1;103.85;108.76;acked
delay_100_loss_5;41;60;4004.598;1;139.62;147.94;acked
delay_100_loss_5;42;62;4100.613;1;104.02;165.14;acked
delay_100_loss_5;43;63;4204.652;1;103.98;157.85;acked
delay_100_loss_5;44;65;4300.616;1;104.14;145.50;acked
delay_100_loss_5;45;66;4404.630;1;104.13;140.37;acked
delay_100_loss_5;46;68;4500.663;1;103.96;132.06;acked
delay_100_loss_5;47;69;4604.650;1;104.03;128.63;acked
delay_100_loss_5;48;71;4700.644;1;104.01;122.96;acked
delay_100_loss_5;49;72;4804.673;1;104.10;120.57;acked
delay_100_loss_5;50;74;4900.597;1;104.04;116.72;acked
delay_100_loss_5;51;75;5004.650;1;104.01;115.19;acked
delay_100_loss_5;52;77;5100.654;2;223.98;113.82;acked
delay_100_loss_5;53;78;5204.626;2;224.02;112.61;acked
delay_100_loss_5;54;80;5300.607;1;104.04;112.61;acked
delay_100_loss_5;55;81;5404.658;1;103.99;111.60;acked
delay_100_loss_5;56;83;5500.628;1;104.11;109.77;acked
delay_100_loss_5;57;84;5604.639;1;104.00;109.10;acked
delay_100_loss_5;58;86;5700.630;1;104.06;107.90;acked
delay_100_loss_5;59;87;5804.706;1;103.92;107.52;acked
delay_100_loss_5;60;89;5900.792;2;215.90;106.34;acked
delay_100_loss_5;61;90;6004.617;1;104.02;106.72;acked
delay_100_loss_5;62;92;6100.617;1;104.08;105.99;acked
delay_100_loss_5;63;93;6204.717;1;103.99;105.78;acked
delay_100_loss_5;64;95;6300.626;1;104.08;105.31;acked
delay_100_loss_5;65;96;6404.729;1;103.94;105.23;acked
delay_100_loss_5;66;98;6500.578;1;104.09;104.90;acked
delay_100_loss_5;67;99;6604.688;1;103.95;104.85;acked
delay_100_loss_5;68;101;6700.615;1;104.05;104.63;acked
delay_100_loss_5;69;102;6804.583;1;104.05;104.52;acked
delay_100_loss_5;70;104;6900.593;1;104.02;104.46;acked
delay_100_loss_5;71;105;7004.624;1;104.00;104.42;acked
delay_100_loss_5;72;107;7100.583;1;104.02;104.32;acked
delay_100_loss_5;73;108;7204.612;1;104.07;104.27;acked
delay_100_loss_5;74;110;7300.615;1;104.06;104.21;acked
delay_100_loss_5;75;111;7404.686;1;103.94;104.27;acked
delay_100_loss_5;76;113;7500.599;1;104.07;104.27;acked
delay_100_loss_5;77;114;7604.689;2;215.96;104.25;acked
delay_100_loss_5;78;116;7700.647;1;103.98;104.25;acked
delay_100_loss_5;79;117;7804.641;2;216.00;104.34;acked
delay_100_loss_5;80;119;7900.596;1;104.11;104.34;acked
delay_100_loss_5;81;120;8004.728;1;103.99;104.31;acked
delay_100_loss_5;82;122;8100.619;1;104.16;104.38;acked
delay_100_loss_5;83;123;8204.684;1;103.98;104.36;acked
delay_100_loss_5;84;125;8300.717;1;103.91;104.36;acked
delay_100_loss_5;85;126;8404.642;1;104.05;104.31;acked
delay_100_loss_5;86;128;8500.650;1;104.12;104.33;acked
delay_100_loss_5;87;129;8604.654;1;104.04;104.26;acked
delay_100_loss_5;88;131;8700.612;1;104.08;104.22;acked
delay_100_loss_5;89;132;8804.598;1;104.14;104.28;acked
delay_100_loss_5;90;134;8900.663;1;104.01;104.33;acked
delay_100_loss_5;91;135;9004.581;1;104.05;104.28;acked
delay_100_loss_5;92;137;9100.595;1;104.16;104.30;acked
delay_100_loss_5;93;138;9204.608;1;104.07;104.24;acked
delay_100_loss_5;94;140;9300.671;1;104.05;104.21;acked
delay_100_loss_5;95;141;9404.815;1;104.30;104.43;acked
delay_100_loss_5;96;143;9500.623;1;104.08;104.54;acked
delay_100_loss_5;97;144;9604.729;1;103.93;104.61;acked
delay_100_loss_5;98;146;9700.605;1;104.09;104.50;acked
delay_100_loss_5;99;147;9804.588;2;216.11;104.35;acked
delay_100_loss_5;100;149;9900.612;1;104.05;104.35;acked
delay_100_loss_5;101;150;10004.680;1;103.99;104.36;acked
delay_100_loss_5;102;152;10100.622;1;104.20;104.43;acked
delay_100_loss_5;103;153;10204.865;1;103.81;104.58;acked
delay_100_loss_5;104;155;10300.627;1;104.08;104.55;acked
delay_100_loss_5;105;156;10404.732;1;103.95;104.49;acked
delay_100_loss_5;106;158;10500.587;2;216.07;104.28;acked
delay_100_loss_5;107;159;10604.628;1;104.02;104.32;acked
delay_100_loss_5;108;161;10700.613;1;104.12;104.33;acked
delay_100_loss_5;109;162;10804.761;2;104.44;104.33;acked
delay_100_loss_5;110;164;10900.678;1;104.03;104.60;acked
delay_100_loss_5;111;165;11004.604;2;216.09;104.56;acked
delay_100_loss_5;112;167;11100.783;1;103.87;104.56;acked
delay_100_loss_5;113;168;11204.675;1;103.94;104.52;acked
delay_100_loss_5;114;170;11300.614;1;104.03;104.40;acked
delay_100_loss_5;115;171;11404.663;1;104.07;104.35;acked
delay_100_loss_5;116;173;11500.674;1;104.11;104.36;acked
delay_100_loss_5;117;174;11604.616;1;104.10;104.34;acked
delay_100_loss_5;118;176;11700.600;1;104.04;104.30;acked
delay_100_loss_5;119;177;11804.659;1;104.04;104.26;acked
delay_100_loss_5;120;179;11900.655;1;104.04;104.22;acked
delay_100_loss_5;121;180;12004.591;1;104.11;104.24;acked
delay_100_loss_5;122;182;12100.630;1;104.08;104.24;acked
delay_100_loss_5;123;183;12204.734;1;103.94;104.32;acked
delay_100_loss_5;124;185;12300.621;2;216.02;104.22;acked
delay_100_loss_5;125;186;12404.595;1;104.03;104.27;acked
delay_100_loss_5;126;188;12500.580;1;104.12;104.27;acked
delay_100_loss_5;127;189;12604.725;1;104.01;104.25;acked
delay_100_loss_5;128;191;12700.620;2;216.06;104.22;acked
delay_100_loss_5;129;192;12804.589;1;104.07;104.19;acked
delay_100_loss_5;130;194;12900.653;1;104.08;104.21;acked
delay_100_loss_5;131;195;13004.627;1;104.09;104.21;acked
delay_100_loss_5;132;197;13100.626;1;104.07;104.20;acked
delay_100_loss_5;133;198;13204.721;1;103.97;104.26;acked
delay_100_loss_5;134;200;13300.685;1;104.17;104.34;acked
delay_100_loss_5;135;201;13404.710;2;215.99;104.30;acked
delay_100_loss_5;136;203;13500.685;1;104.00;104.30;acked
delay_100_loss_5;137;204;13604.713;1;103.94;104.34;acked
delay_100_loss_5;138;206;13700.668;1;103.97;104.30;acked
delay_100_loss_5;139;207;13804.657;1;108.03;108.75;acked
delay_100_loss_5;140;209;13904.605;1;104.03;110.80;acked
delay_100_loss_5;141;210;14000.603;1;104.05;110.01;acked
delay_100_loss_5;142;212;14104.672;1;103.99;109.36;acked
delay_100_loss_5;143;213;14200.669;1;104.00;108.75;acked
delay_100_loss_5;144;215;14304.584;1;104.06;107.67;acked
delay_100_loss_5;145;216;14400.648;1;104.00;107.25;acked
delay_100_loss_5;146;218;14504.669;1;104.00;106.52;acked
delay_100_loss_5;147;219;14600.628;1;104.09;106.16;acked
delay_100_loss_5;148;221;14704.611;1;104.02;105.65;acked
delay_100_loss_5;149;222;14800.604;1;104.02;105.47;acked
delay_100_loss_5;150;224;14904.641;1;103.98;105.18;acked
delay_100_loss_5;151;225;15000.583;1;104.09;104.98;acked
delay_100_loss_5;152;227;15104.695;1;103.98;104.92;acked
delay_100_loss_5;153;228;15200.612;1;104.08;104.76;acked
delay_100_loss_5;154;230;15304.711;1;103.94;104.64;acked
delay_100_loss_5;155;231;15400.654;1;104.08;104.52;acked
delay_100_loss_5;156;233;15504.625;1;104.03;104.40;acked
delay_100_loss_5;157;234;15600.630;2;216.08;104.27;acked
delay_100_loss_5;158;236;15704.618;1;104.08;104.27;acked
delay_100_loss_5;159;237;15800.616;1;104.01;104.29;acked
delay_100_loss_5;160;239;15904.643;1;104.06;104.24;acked
delay_100_loss_5;161;240;16000.668;1;103.97;104.28;acked
delay_100_loss_5;162;242;16104.652;2;215.97;104.33;acked
delay_100_loss_5;163;243;16200.680;1;103.93;104.33;acked
delay_100_loss_5;164;245;16304.620;1;103.99;104.28;acked
delay_100_loss_5;165;246;16400.584;1;104.02;104.22;acked
delay_100_loss_5;166;248;16504.620;1;104.01;104.16;acked
delay_100_loss_5;167;249;16600.838;1;103.87;104.26;acked
delay_100_loss_5;168;251;16704.623;1;104.02;104.21;acked
delay_100_loss_5;169;252;16800.631;1;104.03;104.18;acked
delay_100_loss_5;170;254;16904.674;1;103.97;104.18;acked
delay_100_loss_5;171;255;17000.623;1;104.09;104.22;acked
delay_100_loss_5;172;257;17104.728;1;103.95;104.29;acked
delay_100_loss_5;173;258;17200.636;1;104.07;104.28;acked
delay_100_loss_5;174;260;17304.731;1;103.93;104.33;acked
delay_100_loss_5;175;261;17400.639;1;104.03;104.26;acked
delay_100_loss_5;176;263;17504.688;2;215.97;104.60;acked
delay_100_loss_5;177;264;17600.978;1;103.68;104.49;acked
delay_100_loss_5;178;266;17704.680;1;103.97;104.45;acked
delay_100_loss_5;179;267;17800.632;2;215.99;104.31;acked
delay_100_loss_5;180;269;17904.644;1;103.98;104.31;acked
delay_100_loss_5;181;270;18000.616;2;216.01;104.34;acked
delay_100_loss_5;182;272;18104.640;1;104.03;104.34;acked
delay_100_loss_5;183;273;18200.621;1;104.09;104.37;acked
delay_100_loss_5;184;275;18304.604;1;104.09;104.38;acked
delay_100_loss_5;185;276;18400.670;2;216.02;104.32;acked
delay_100_loss_5;186;278;18504.622;1;104.06;104.32;acked
delay_100_loss_5;187;279;18600.644;1;104.12;104.37;acked
delay_100_loss_5;188;281;18704.649;1;104.03;104.31;acked
delay_100_loss_5;189;282;18800.652;1;104.04;104.25;acked
delay_100_loss_5;190;284;18904.715;1;103.93;104.29;acked
delay_100_loss_5;191;285;19000.670;1;103.98;104.27;acked
delay_100_loss_5;192;287;19104.670;1;103.94;104.23;acked
delay_100_loss_5;193;288;19200.626;1;104.05;104.22;acked
delay_100_loss_5;194;290;19304.583;1;104.04;104.20;acked
delay_100_loss_5;195;291;19400.579;1;104.05;104.19;acked
delay_100_loss_5;196;293;19504.647;1;104.02;104.17;acked
delay_100_loss_5;197;294;19600.632;2;216.05;104.14;acked
delay_100_loss_5;198;296;19704.655;1;104.01;104.14;acked
delay_100_loss_5;199;297;19800.598;1;104.19;104.29;acked
delay_100_loss_5;200;299;19904.810;1;103.85;104.53;acked
jitter_loss_10;1;0;0.014;1;52.53;157.60;acked
jitter_loss_10;2;2;100.439;1;64.14;171.65;acked
jitter_loss_10;3;3;204.464;1;112.01;201.39;acked
jitter_loss_10;4;5;300.417;1;96.12;200.24;acked
jitter_loss_10;5;6;404.458;1;80.09;178.20;acked
jitter_loss_10;6;8;500.585;1;135.94;227.09;acked
jitter_loss_10;7;9;604.500;2;271.98;201.26;acked
jitter_loss_10;8;11;700.438;1;80.09;203.19;acked
jitter_loss_10;9;12;804.430;1;56.16;201.26;acked
jitter_loss_10;10;14;900.451;2;384.01;246.93;acked
jitter_loss_10;11;15;1004.430;1;136.04;246.93;acked
jitter_loss_10;12;17;1100.435;2;328.02;219.52;acked
jitter_loss_10;13;18;1204.429;2;376.04;198.81;acked
jitter_loss_10;14;20;1300.432;1;96.02;219.52;acked
jitter_loss_10;15;21;1404.426;1;88.05;198.53;acked
jitter_loss_10;16;23;1500.450;1;104.01;178.51;acked
jitter_loss_10;17;24;1604.477;1;72.54;183.47;acked
jitter_loss_10;18;26;1700.427;1;72.04;180.35;acked
jitter_loss_10;19;27;1804.430;1;88.04;160.93;acked
jitter_loss_10;20;29;1901.794;1;142.67;221.72;acked
jitter_loss_10;21;30;2004.478;2;304.04;218.36;acked
jitter_loss_10;22;32;2100.439;2;352.09;196.38;acked
jitter_loss_10;23;33;2204.444;1;120.13;212.72;acked
jitter_loss_10;24;35;2300.500;1;88.03;196.38;acked
jitter_loss_10;25;36;2404.451;1;72.07;196.23;acked
jitter_loss_10;26;38;2500.459;1;104.05;173.05;acked
jitter_loss_10;27;39;2604.413;1;88.04;163.97;acked
jitter_loss_10;28;41;2700.523;1;127.94;209.20;acked
jitter_loss_10;29;42;2804.481;1;120.02;198.05;acked
jitter_loss_10;30;44;2900.391;2;304.21;203.53;acked
jitter_loss_10;31;45;3004.448;1;72.02;225.82;acked
jitter_loss_10;32;47;3100.426;1;88.12;203.53;acked
jitter_loss_10;33;48;3204.477;1;143.98;217.46;acked
jitter_loss_10;34;50;3300.431;1;136.07;220.39;acked
jitter_loss_10;35;51;3404.451;1;152.03;237.63;acked
jitter_loss_10;36;53;3500.436;1;80.08;240.56;acked
jitter_loss_10;37;54;3604.468;1;80.00;237.54;acked
jitter_loss_10;38;56;3700.414;1;88.04;202.00;acked
jitter_loss_10;39;57;3804.440;1;96.10;186.36;acked
jitter_loss_10;40;59;3900.432;2;344.06;215.18;acked
jitter_loss_10;41;60;4004.475;1;120.06;195.51;acked
jitter_loss_10;42;62;4100.479;1;144.00;215.18;acked
jitter_loss_10;43;63;4204.434;1;64.03;230.75;acked
jitter_loss_10;44;65;4300.609;1;127.85;224.55;acked
jitter_loss_10;45;66;4404.505;1;63.98;234.29;acked
jitter_loss_10;46;68;4500.421;3;552.04;199.29;acked
jitter_loss_10;47;69;4604.445;1;64.04;235.48;acked
jitter_loss_10;48;71;4700.477;1;152.05;236.76;acked
jitter_loss_10;49;72;4804.494;1;112.01;200.23;acked
jitter_loss_10;50;74;4900.422;1;80.04;199.29;acked
jitter_loss_10;51;75;5004.432;1;136.06;212.69;acked
jitter_loss_10;52;77;5100.431;1;64.03;223.71;acked
jitter_loss_10;53;78;5204.419;1;72.04;218.93;acked
jitter_loss_10;54;80;5300.406;1;72.10;226.06;acked
jitter_loss_10;55;81;5404.464;1;88.05;197.68;acked
jitter_loss_10;56;83;5500.479;1;64.06;197.55;acked
jitter_loss_10;57;84;5604.462;1;72.01;186.34;acked
jitter_loss_10;58;86;5700.430;1;136.29;216.34;acked
jitter_loss_10;59;87;5804.434;1;128.00;202.96;acked
jitter_loss_10;60;89;5900.467;1;152.06;237.26;acked
jitter_loss_10;61;90;6004.428;1;128.03;218.25;acked
jitter_loss_10;62;92;6100.468;1;55.98;234.01;acked
jitter_loss_10;63;93;6204.449;3;520.07;203.72;acked
jitter_loss_10;64;95;6300.410;1;120.10;201.23;acked
jitter_loss_10;65;96;6404.412;1;80.09;196.48;acked
jitter_loss_10;66;98;6500.442;1;136.02;203.72;acked
jitter_loss_10;67;99;6604.449;1;136.07;205.44;acked
jitter_loss_10;68;101;6700.387;1;96.19;194.95;acked
jitter_loss_10;69;102;6804.416;1;136.05;203.79;acked
jitter_loss_10;70;104;6900.486;1;119.99;191.31;acked
jitter_loss_10;71;105;7004.416;3;496.22;208.21;acked
jitter_loss_10;72;107;7100.445;5;;253.77;failed
jitter_loss_10;73;108;7204.404;1;136.08;213.68;acked
jitter_loss_10;74;110;7300.429;1;88.05;204.13;acked
jitter_loss_10;75;111;7404.458;2;304.06;208.21;acked
jitter_loss_10;76;113;7500.473;2;359.98;235.53;acked
jitter_loss_10;77;114;7604.480;1;136.00;220.85;acked
jitter_loss_10;78;116;7700.467;1;144.03;235.53;acked
jitter_loss_10;79;117;7804.467;1;63.97;244.59;acked
jitter_loss_10;80;119;7900.447;2;328.07;266.05;acked
jitter_loss_10;81;120;8005.751;1;150.73;266.05;acked
jitter_loss_10;82;122;8100.494;1;136.03;253.77;acked
jitter_loss_10;83;123;8204.484;1;152.01;277.85;acked
jitter_loss_10;84;125;8300.523;1;55.95;264.25;acked
jitter_loss_10;85;126;8404.424;1;120.05;220.31;acked
jitter_loss_10;86;128;8500.440;1;112.00;194.22;acked
jitter_loss_10;87;129;8604.399;1;80.05;200.51;acked
jitter_loss_10;88;131;8700.415;1;152.06;227.71;acked
jitter_loss_10;89;132;8804.429;2;352.04;223.67;acked
jitter_loss_10;90;134;8900.451;1;152.03;244.56;acked
jitter_loss_10;91;135;9004.463;1;88.04;242.60;acked
jitter_loss_10;92;137;9102.695;1;133.75;214.67;acked
jitter_loss_10;93;138;9204.437;2;328.02;222.89;acked
jitter_loss_10;94;140;9300.409;1;64.22;247.29;acked
jitter_loss_10;95;141;9404.441;1;96.07;222.89;acked
jitter_loss_10;96;143;9500.432;1;96.05;202.94;acked
jitter_loss_10;97;144;9604.474;1;120.08;195.25;acked
jitter_loss_10;98;146;9700.437;1;152.04;222.76;acked
jitter_loss_10;99;147;9804.516;3;503.94;199.03;acked
jitter_loss_10;100;149;9900.442;1;64.06;240.37;acked
jitter_loss_10;101;150;10004.478;2;311.96;179.42;acked
jitter_loss_10;102;152;10100.539;1;119.99;199.03;acked
jitter_loss_10;103;153;10204.443;1;144.03;200.49;acked
jitter_loss_10;104;155;10300.408;1;88.09;201.67;acked
jitter_loss_10;105;156;10404.491;1;55.98;227.00;acked
jitter_loss_10;106;158;10500.440;1;128.03;223.27;acked
jitter_loss_10;107;159;10604.443;1;144.06;241.29;acked
jitter_loss_10;108;161;10700.484;1;151.97;250.71;acked
jitter_loss_10;109;162;10804.484;1;104.03;232.26;acked
jitter_loss_10;110;164;10900.460;1;120.05;205.82;acked
jitter_loss_10;111;165;11004.476;1;64.03;231.57;acked
jitter_loss_10;112;167;11100.470;1;64.05;245.26;acked
jitter_loss_10;113;168;11204.596;3;551.92;173.26;acked
jitter_loss_10;114;170;11300.480;1;136.18;237.83;acked
jitter_loss_10;115;171;11404.479;1;80.05;223.86;acked
jitter_loss_10;116;173;11500.461;1;72.03;217.21;acked
jitter_loss_10;117;174;11604.469;1;96.15;187.21;acked
jitter_loss_10;118;176;11700.457;1;104.03;161.82;acked
jitter_loss_10;119;177;11804.502;1;104.10;148.42;acked
jitter_loss_10;120;179;11900.444;1;80.07;151.28;acked
jitter_loss_10;121;180;12004.513;2;272.10;191.80;acked
jitter_loss_10;122;182;12100.447;2;312.07;213.36;acked
jitter_loss_10;123;183;12204.459;1;96.01;174.17;acked
jitter_loss_10;124;185;12300.489;1;120.00;201.12;acked
jitter_loss_10;125;186;12404.498;1;112.07;181.63;acked
jitter_loss_10;126;188;12500.451;3;496.01;228.99;acked
jitter_loss_10;127;189;12604.425;1;128.14;183.39;acked
jitter_loss_10;128;191;12700.491;1;151.99;207.46;acked
jitter_loss_10;129;192;12804.477;2;368.02;206.73;acked
jitter_loss_10;130;194;12900.668;1;87.83;228.99;acked
jitter_loss_10;131;195;13004.436;1;104.06;206.73;acked
jitter_loss_10;132;197;13100.448;1;80.11;214.38;acked
jitter_loss_10;133;198;13204.542;1;151.95;234.00;acked
jitter_loss_10;134;200;13300.481;1;72.02;245.91;acked
jitter_loss_10;135;201;13404.495;1;112.08;213.24;acked
jitter_loss_10;136;203;13500.470;1;64.09;242.59;acked
jitter_loss_10;137;204;13604.469;2;336.07;224.25;acked
jitter_loss_10;138;206;13700.450;1;64.03;258.31;acked
jitter_loss_10;139;207;13804.436;1;128.14;224.25;acked
jitter_loss_10;140;209;13900.460;1;152.07;243.69;acked
jitter_loss_10;141;210;14004.459;1;136.04;235.55;acked
jitter_loss_10;142;212;14100.630;2;343.90;199.83;acked
jitter_loss_10;143;213;14204.457;1;112.15;210.45;acked
jitter_loss_10;144;215;14300.467;2;344.11;226.60;acked
jitter_loss_10;145;216;14404.481;2;384.00;219.56;acked
jitter_loss_10;146;218;14500.476;1;64.10;226.60;acked
jitter_loss_10;147;219;14604.459;1;128.14;219.56;acked
jitter_loss_10;148;221;14700.441;2;288.10;207.97;acked
jitter_loss_10;149;222;14804.482;1;120.11;203.05;acked
jitter_loss_10;150;224;14900.476;1;80.06;207.97;acked
jitter_loss_10;151;225;15004.473;1;72.00;214.25;acked
jitter_loss_10;152;227;15100.472;1;79.97;198.18;acked
jitter_loss_10;153;228;15204.422;1;152.15;237.95;acked
jitter_loss_10;154;230;15300.426;1;56.12;195.86;acked
jitter_loss_10;155;231;15404.456;1;104.08;197.37;acked
jitter_loss_10;156;233;15500.481;2;311.99;215.71;acked
jitter_loss_10;157;234;15604.420;2;312.16;198.28;acked
jitter_loss_10;158;236;15700.545;2;288.10;195.19;acked
jitter_loss_10;159;237;15804.424;2;328.16;195.19;acked
jitter_loss_10;160;239;15900.405;1;80.19;195.19;acked
jitter_loss_10;161;240;16004.591;2;343.95;213.98;acked
jitter_loss_10;162;242;16100.454;1;80.00;198.86;acked
jitter_loss_10;163;243;16204.574;1;151.98;247.91;acked
jitter_loss_10;164;245;16300.450;2;360.02;239.15;acked
jitter_loss_10;165;246;16404.444;1;80.13;231.18;acked
jitter_loss_10;166;248;16500.521;1;136.04;239.15;acked
jitter_loss_10;167;249;16604.432;1;136.11;241.24;acked
jitter_loss_10;168;251;16700.442;1;80.06;243.02;acked
jitter_loss_10;169;252;16804.513;1;96.14;205.81;acked
jitter_loss_10;170;254;16900.545;1;104.01;181.29;acked
jitter_loss_10;171;255;17004.609;1;119.92;165.52;acked
jitter_loss_10;172;257;17100.398;2;272.16;179.44;acked
jitter_loss_10;173;258;17204.549;1;87.94;167.05;acked
jitter_loss_10;174;260;17300.423;1;72.11;179.44;acked
jitter_loss_10;175;261;17404.523;1;144.03;197.18;acked
jitter_loss_10;176;263;17500.454;1;128.08;199.89;acked
jitter_loss_10;177;264;17604.512;1;88.04;195.89;acked
jitter_loss_10;178;266;17700.455;1;128.03;202.02;acked
jitter_loss_10;179;267;17804.487;1;144.06;222.63;acked
jitter_loss_10;180;269;17900.498;1;112.03;199.29;acked
jitter_loss_10;181;270;18004.419;1;152.10;242.54;acked
jitter_loss_10;182;272;18100.440;2;320.15;219.19;acked
jitter_loss_10;183;273;18204.436;1;88.07;224.66;acked
jitter_loss_10;184;275;18300.487;1;72.03;219.19;acked
jitter_loss_10;185;276;18404.498;1;104.00;196.12;acked
jitter_loss_10;186;278;18500.487;1;96.03;176.66;acked
jitter_loss_10;187;279;18604.395;1;80.17;175.27;acked
jitter_loss_10;188;281;18700.485;2;328.04;217.44;acked
jitter_loss_10;189;282;18804.500;2;296.12;183.56;acked
jitter_loss_10;190;284;18900.526;1;72.02;217.44;acked
jitter_loss_10;191;285;19004.492;1;88.13;199.09;acked
jitter_loss_10;192;287;19100.514;1;95.95;163.57;acked
jitter_loss_10;193;288;19204.420;2;256.34;176.59;acked
jitter_loss_10;194;290;19300.462;1;112.04;176.59;acked
jitter_loss_10;195;291;19404.524;1;64.29;183.76;acked
jitter_loss_10;196;293;19500.495;1;144.05;211.42;acked
jitter_loss_10;197;294;19604.483;1;56.09;221.52;acked
jitter_loss_10;198;296;19700.476;1;111.99;204.84;acked
jitter_loss_10;199;297;19804.455;1;96.11;175.94;acked
jitter_loss_10;200;299;19900.458;2;312.06;175.94;acked
cmp_fixed1000_delay_100_loss_5;1;0;0.023;1;102.74;1000.00;acked
cmp_fixed1000_delay_100_loss_5;2;2;102.784;1;104.00;1000.00;acked
cmp_fixed1000_delay_100_loss_5;3;3;206.807;1;103.96;1000.00;acked
cmp_fixed1000_delay_100_loss_5;4;5;302.701;1;104.11;1000.00;acked
cmp_fixed1000_delay_100_loss_5;5;6;406.828;1;103.90;1000.00;acked
cmp_fixed1000_delay_100_loss_5;6;8;502.714;1;104.02;1000.00;acked
cmp_fixed1000_delay_100_loss_5;7;9;606.752;1;104.01;1000.00;acked
cmp_fixed1000_delay_100_loss_5;8;11;702.741;1;104.05;1000.00;acked
cmp_fixed1000_delay_100_loss_5;9;12;806.806;1;104.00;1000.00;acked
cmp_fixed1000_delay_100_loss_5;10;14;902.662;1;104.16;1000.00;acked
cmp_fixed1000_delay_100_loss_5;11;15;1006.845;1;103.86;1000.00;acked
cmp_fixed1000_delay_100_loss_5;12;17;1102.669;1;104.07;1000.00;acked
cmp_fixed1000_delay_100_loss_5;13;18;1206.757;1;104.00;1000.00;acked
cmp_fixed1000_delay_100_loss_5;14;20;1302.769;1;104.06;1000.00;acked
cmp_fixed1000_delay_100_loss_5;15;21;1406.865;1;103.80;1000.00;acked
cmp_fixed1000_delay_100_loss_5;16;23;1502.673;2;1104.08;1000.00;acked
cmp_fixed1000_delay_100_loss_5;17;24;1606.709;1;104.07;1000.00;acked
cmp_fixed1000_delay_100_loss_5;18;26;1702.776;1;104.33;1000.00;acked
cmp_fixed1000_delay_100_loss_5;19;27;1807.122;1;103.65;1000.00;acked
cmp_fixed1000_delay_100_loss_5;20;29;1902.693;1;104.11;1000.00;acked
cmp_fixed1000_delay_100_loss_5;21;30;2006.823;1;103.93;1000.00;acked
cmp_fixed1000_delay_100_loss_5;22;32;2102.673;1;104.07;1000.00;acked
cmp_fixed1000_delay_100_loss_5;23;33;2206.757;1;103.97;1000.00;acked
cmp_fixed1000_delay_100_loss_5;24;35;2302.706;1;104.07;1000.00;acked
cmp_fixed1000_delay_100_loss_5;25;36;2406.810;1;103.92;1000.00;acked
cmp_fixed1000_delay_100_loss_5;26;38;2502.795;1;103.99;1000.00;acked
cmp_fixed1000_delay_100_loss_5;27;39;2606.768;1;104.00;1000.00;acked
cmp_fixed1000_delay_100_loss_5;28;41;2702.678;1;104.07;1000.00;acked
cmp_fixed1000_delay_100_loss_5;29;42;2806.768;1;103.94;1000.00;acked
cmp_fixed1000_delay_100_loss_5;30;44;2902.695;1;104.13;1000.00;acked
cmp_fixed1000_delay_100_loss_5;31;45;3006.850;1;103.87;1000.00;acked
cmp_fixed1000_delay_100_loss_5;32;47;3102.680;1;104.11;1000.00;acked
cmp_fixed1000_delay_100_loss_5;33;48;3206.815;1;103.90;1000.00;acked
cmp_fixed1000_delay_100_loss_5;34;50;3302.683;1;104.09;1000.00;acked
cmp_fixed1000_delay_100_loss_5;35;51;3406.795;1;103.97;1000.00;acked
cmp_fixed1000_delay_100_loss_5;36;53;3502.722;1;104.14;1000.00;acked
cmp_fixed1000_delay_100_loss_5;37;54;3606.728;1;104.01;1000.00;acked
cmp_fixed1000_delay_100_loss_5;38;56;3702.725;1;104.06;1000.00;acked
cmp_fixed1000_delay_100_loss_5;39;57;3806.805;1;104.00;1000.00;acked
cmp_fixed1000_delay_100_loss_5;40;59;3902.684;1;104.08;1000.00;acked
cmp_fixed1000_delay_100_loss_5;41;60;4006.789;1;103.92;1000.00;acked
cmp_fixed1000_delay_100_loss_5;42;62;4102.732;1;104.04;1000.00;acked
cmp_fixed1000_delay_100_loss_5;43;63;4206.793;1;103.92;1000.00;acked
cmp_fixed1000_delay_100_loss_5;44;65;4302.694;1;104.27;1000.00;acked
cmp_fixed1000_delay_100_loss_5;45;66;4406.977;1;103.74;1000.00;acked
cmp_fixed1000_delay_100_loss_5;46;68;4502.716;1;104.05;1000.00;acked
cmp_fixed1000_delay_100_loss_5;47;69;4606.810;1;103.96;1000.00;acked
cmp_fixed1000_delay_100_loss_5;48;71;4702.712;1;104.01;1000.00;acked
cmp_fixed1000_delay_100_loss_5;49;72;4806.775;1;103.98;1000.00;acked
cmp_fixed1000_delay_100_loss_5;50;74;4902.671;1;104.15;1000.00;acked
cmp_fixed1000_delay_100_loss_5;51;75;5006.841;1;103.92;1000.00;acked
cmp_fixed1000_delay_100_loss_5;52;77;5102.715;1;104.00;1000.00;acked
cmp_fixed1000_delay_100_loss_5;53;78;5206.727;1;104.07;1000.00;acked
cmp_fixed1000_delay_100_loss_5;54;80;5302.725;2;1104.05;1000.00;acked
cmp_fixed1000_delay_100_loss_5;55;81;5406.709;2;1104.09;1000.00;acked
cmp_fixed1000_delay_100_loss_5;56;83;5502.694;1;104.07;1000.00;acked
cmp_fixed1000_delay_100_loss_5;57;84;5606.778;1;103.98;1000.00;acked
cmp_fixed1000_delay_100_loss_5;58;86;5702.698;1;104.09;1000.00;acked
cmp_fixed1000_delay_100_loss_5;59;87;5806.805;1;103.99;1000.00;acked
cmp_fixed1000_delay_100_loss_5;60;89;5902.897;1;103.86;1000.00;acked
cmp_fixed1000_delay_100_loss_5;61;90;6006.781;1;103.97;1000.00;acked
cmp_fixed1000_delay_100_loss_5;62;92;6102.702;1;104.43;1000.00;acked
cmp_fixed1000_delay_100_loss_5;63;93;6206.942;2;1111.78;1000.00;acked
cmp_fixed1000_delay_100_loss_5;64;95;6302.856;1;103.96;1000.00;acked
cmp_fixed1000_delay_100_loss_5;65;96;6406.804;1;104.01;1000.00;acked
cmp_fixed1000_delay_100_loss_5;66;98;6502.786;1;103.98;1000.00;acked
cmp_fixed1000_delay_100_loss_5;67;99;6606.788;1;103.93;1000.00;acked
cmp_fixed1000_delay_100_loss_5;68;101;6702.717;1;104.03;1000.00;acked
cmp_fixed1000_delay_100_loss_5;69;102;6806.772;1;103.98;1000.00;acked
cmp_fixed1000_delay_100_loss_5;70;104;6902.694;1;104.08;1000.00;acked
cmp_fixed1000_delay_100_loss_5;71;105;7006.795;1;103.95;1000.00;acked
cmp_fixed1000_delay_100_loss_5;72;107;7102.712;1;104.03;1000.00;acked
cmp_fixed1000_delay_100_loss_5;73;108;7206.809;1;103.93;1000.00;acked
cmp_fixed1000_delay_100_loss_5;74;110;7302.713;1;104.11;1000.00;acked
cmp_fixed1000_delay_100_loss_5;75;111;7406.849;1;103.89;1000.00;acked
cmp_fixed1000_delay_100_loss_5;76;113;7502.740;1;104.08;1000.00;acked
cmp_fixed1000_delay_100_loss_5;77;114;7606.713;1;104.03;1000.00;acked
cmp_fixed1000_delay_100_loss_5;78;116;7702.707;2;1112.06;1000.00;acked
cmp_fixed1000_delay_100_loss_5;79;117;7806.711;1;104.10;1000.00;acked
cmp_fixed1000_delay_100_loss_5;80;119;7902.975;1;103.80;1000.00;acked
cmp_fixed1000_delay_100_loss_5;81;120;8006.798;2;1103.96;1000.00;acked
cmp_fixed1000_delay_100_loss_5;82;122;8102.692;1;104.07;1000.00;acked
cmp_fixed1000_delay_100_loss_5;83;123;8206.784;1;103.93;1000.00;acked
cmp_fixed1000_delay_100_loss_5;84;125;8302.708;2;1112.05;1000.00;acked
cmp_fixed1000_delay_100_loss_5;85;126;8406.739;1;104.12;1000.00;acked
cmp_fixed1000_delay_100_loss_5;86;128;8502.720;1;104.11;1000.00;acked
cmp_fixed1000_delay_100_loss_5;87;129;8606.857;1;103.87;1000.00;acked
cmp_fixed1000_delay_100_loss_5;88;131;8702.691;1;104.12;1000.00;acked
cmp_fixed1000_delay_100_loss_5;89;132;8806.703;1;104.08;1000.00;acked
cmp_fixed1000_delay_100_loss_5;90;134;8902.685;1;104.11;1000.00;acked
cmp_fixed1000_delay_100_loss_5;91;135;9006.822;1;103.95;1000.00;acked
cmp_fixed1000_delay_100_loss_5;92;137;9102.687;1;104.05;1000.00;acked
cmp_fixed1000_delay_100_loss_5;93;138;9206.753;1;104.07;1000.00;acked
cmp_fixed1000_delay_100_loss_5;94;140;9302.696;1;104.23;1000.00;acked
cmp_fixed1000_delay_100_loss_5;95;141;9407.011;1;103.72;1000.00;acked
cmp_fixed1000_delay_100_loss_5;96;143;9502.728;1;104.08;1000.00;acked
cmp_fixed1000_delay_100_loss_5;97;144;9606.831;1;103.92;1000.00;acked
cmp_fixed1000_delay_100_loss_5;98;146;9702.735;1;104.02;1000.00;acked
cmp_fixed1000_delay_100_loss_5;99;147;9806.773;1;103.98;1000.00;acked
cmp_fixed1000_delay_100_loss_5;100;149;9902.731;1;104.05;1000.00;acked
cmp_fixed1000_delay_100_loss_5;101;150;10006.799;1;104.02;1000.00;acked
cmp_fixed1000_delay_100_loss_5;102;152;10102.729;1;104.05;1000.00;acked
cmp_fixed1000_delay_100_loss_5;103;153;10206.798;1;103.98;1000.00;acked
cmp_fixed1000_delay_100_loss_5;104;155;10302.739;1;104.03;1000.00;acked
cmp_fixed1000_delay_100_loss_5;105;156;10406.786;1;103.98;1000.00;acked
cmp_fixed1000_delay_100_loss_5;106;158;10502.723;1;104.04;1000.00;acked
cmp_fixed1000_delay_100_loss_5;107;159;10606.784;1;104.00;1000.00;acked
cmp_fixed1000_delay_100_loss_5;108;161;10702.718;1;104.18;1000.00;acked
cmp_fixed1000_delay_100_loss_5;109;162;10806.766;1;104.01;1000.00;acked
cmp_fixed1000_delay_100_loss_5;110;164;10902.751;1;104.02;1000.00;acked
cmp_fixed1000_delay_100_loss_5;111;165;11006.795;1;103.95;1000.00;acked
cmp_fixed1000_delay_100_loss_5;112;167;11102.701;1;104.05;1000.00;acked
cmp_fixed1000_delay_100_loss_5;113;168;11206.768;1;104.00;1000.00;acked
cmp_fixed1000_delay_100_loss_5;114;170;11302.759;1;104.40;1000.00;acked
cmp_fixed1000_delay_100_loss_5;115;171;11407.174;1;103.56;1000.00;acked
cmp_fixed1000_delay_100_loss_5;116;173;11502.733;1;104.11;1000.00;acked
cmp_fixed1000_delay_100_loss_5;117;174;11606.726;2;1104.10;1000.00;acked
cmp_fixed1000_delay_100_loss_5;118;176;11702.731;1;104.04;1000.00;acked
cmp_fixed1000_delay_100_loss_5;119;177;11806.837;2;1111.93;1000.00;acked
cmp_fixed1000_delay_100_loss_5;120;179;11902.731;1;103.99;1000.00;acked
cmp_fixed1000_delay_100_loss_5;121;180;12006.746;1;103.98;1000.00;acked
cmp_fixed1000_delay_100_loss_5;122;182;12102.738;1;104.12;1000.00;acked
cmp_fixed1000_delay_100_loss_5;123;183;12206.731;2;1103.99;1000.00;acked
cmp_fixed1000_delay_100_loss_5;124;185;12302.701;1;104.05;1000.00;acked
cmp_fixed1000_delay_100_loss_5;125;186;12406.773;1;104.03;1000.00;acked
cmp_fixed1000_delay_100_loss_5;126;188;12502.751;1;104.08;1000.00;acked
cmp_fixed1000_delay_100_loss_5;127;189;12606.866;2;1103.94;1000.00;acked
cmp_fixed1000_delay_100_loss_5;128;191;12702.779;1;104.03;1000.00;acked
cmp_fixed1000_delay_100_loss_5;129;192;12806.828;1;103.92;1000.00;acked
cmp_fixed1000_delay_100_loss_5;130;194;12902.718;1;104.13;1000.00;acked
cmp_fixed1000_delay_100_loss_5;131;195;13006.706;2;1103.99;1000.00;acked
cmp_fixed1000_delay_100_loss_5;132;197;13102.708;1;104.06;1000.00;acked
cmp_fixed1000_delay_100_loss_5;133;198;13206.790;1;103.95;1000.00;acked
cmp_fixed1000_delay_100_loss_5;134;200;13302.693;1;104.13;1000.00;acked
cmp_fixed1000_delay_100_loss_5;135;201;13406.719;1;104.00;1000.00;acked
cmp_fixed1000_delay_100_loss_5;136;203;13502.716;1;104.14;1000.00;acked
cmp_fixed1000_delay_100_loss_5;137;204;13606.882;2;1111.95;1000.00;acked
cmp_fixed1000_delay_100_loss_5;138;206;13702.700;1;104.15;1000.00;acked
cmp_fixed1000_delay_100_loss_5;139;207;13806.866;1;103.85;1000.00;acked
cmp_fixed1000_delay_100_loss_5;140;209;13902.699;1;104.12;1000.00;acked
cmp_fixed1000_delay_100_loss_5;141;210;14006.906;1;103.81;1000.00;acked
cmp_fixed1000_delay_100_loss_5;142;212;14102.714;1;104.06;1000.00;acked
cmp_fixed1000_delay_100_loss_5;143;213;14206.795;1;103.96;1000.00;acked
cmp_fixed1000_delay_100_loss_5;144;215;14302.682;1;104.07;1000.00;acked
cmp_fixed1000_delay_100_loss_5;145;216;14406.773;1;103.97;1000.00;acked
cmp_fixed1000_delay_100_loss_5;146;218;14502.677;1;104.10;1000.00;acked
cmp_fixed1000_delay_100_loss_5;147;219;14606.657;1;104.15;1000.00;acked
cmp_fixed1000_delay_100_loss_5;148;221;14702.729;1;104.00;1000.00;acked
cmp_fixed1000_delay_100_loss_5;149;222;14806.749;1;103.99;1000.00;acked
cmp_fixed1000_delay_100_loss_5;150;224;14902.715;1;104.09;1000.00;acked
cmp_fixed1000_delay_100_loss_5;151;225;15006.828;1;103.84;1000.00;acked
cmp_fixed1000_delay_100_loss_5;152;227;15102.700;1;104.08;1000.00;acked
cmp_fixed1000_delay_100_loss_5;153;228;15206.797;3;2107.97;1000.00;acked
cmp_fixed1000_delay_100_loss_5;154;230;15302.759;1;103.99;1000.00;acked
cmp_fixed1000_delay_100_loss_5;155;231;15406.771;1;103.94;1000.00;acked
cmp_fixed1000_delay_100_loss_5;156;233;15502.705;1;104.15;1000.00;acked
cmp_fixed1000_delay_100_loss_5;157;234;15606.726;1;103.97;1000.00;acked
cmp_fixed1000_delay_100_loss_5;158;236;15702.683;2;1108.05;1000.00;acked
cmp_fixed1000_delay_100_loss_5;159;237;15806.717;1;103.96;1000.00;acked
cmp_fixed1000_delay_100_loss_5;160;239;15902.682;1;104.12;1000.00;acked
cmp_fixed1000_delay_100_loss_5;161;240;16006.820;1;104.00;1000.00;acked
cmp_fixed1000_delay_100_loss_5;162;242;16102.726;1;100.09;1000.00;acked
cmp_fixed1000_delay_100_loss_5;163;243;16202.714;1;104.13;1000.00;acked
cmp_fixed1000_delay_100_loss_5;164;245;16306.703;1;104.03;1000.00;acked
cmp_fixed1000_delay_100_loss_5;165;246;16402.726;1;104.14;1000.00;acked
cmp_fixed1000_delay_100_loss_5;166;248;16506.887;1;103.83;1000.00;acked
cmp_fixed1000_delay_100_loss_5;167;249;16602.711;1;103.98;1000.00;acked
cmp_fixed1000_delay_100_loss_5;168;251;16700.089;1;102.84;1000.00;acked
cmp_fixed1000_delay_100_loss_5;169;252;16802.807;3;2119.97;1000.00;acked
cmp_fixed1000_delay_100_loss_5;170;254;16906.797;1;103.97;1000.00;acked
cmp_fixed1000_delay_100_loss_5;171;255;17002.695;1;104.08;1000.00;acked
cmp_fixed1000_delay_100_loss_5;172;257;17106.803;1;103.96;1000.00;acked
cmp_fixed1000_delay_100_loss_5;173;258;17202.709;1;104.09;1000.00;acked
cmp_fixed1000_delay_100_loss_5;174;260;17306.826;1;103.94;1000.00;acked
cmp_fixed1000_delay_100_loss_5;175;261;17402.698;1;104.07;1000.00;acked
cmp_fixed1000_delay_100_loss_5;176;263;17506.785;1;103.93;1000.00;acked
cmp_fixed1000_delay_100_loss_5;177;264;17602.701;3;2104.03;1000.00;acked
cmp_fixed1000_delay_100_loss_5;178;266;17706.726;1;104.04;1000.00;acked
cmp_fixed1000_delay_100_loss_5;179;267;17802.729;1;104.05;1000.00;acked
cmp_fixed1000_delay_100_loss_5;180;269;17906.803;1;103.94;1000.00;acked
cmp_fixed1000_delay_100_loss_5;181;270;18002.678;1;104.06;1000.00;acked
cmp_fixed1000_delay_100_loss_5;182;272;18106.755;2;1104.10;1000.00;acked
cmp_fixed1000_delay_100_loss_5;183;273;18202.733;1;104.03;1000.00;acked
cmp_fixed1000_delay_100_loss_5;184;275;18306.788;1;103.97;1000.00;acked
cmp_fixed1000_delay_100_loss_5;185;276;18402.725;1;104.03;1000.00;acked
cmp_fixed1000_delay_100_loss_5;186;278;18506.773;1;103.95;1000.00;acked
cmp_fixed1000_delay_100_loss_5;187;279;18602.775;1;104.00;1000.00;acked
cmp_fixed1000_delay_100_loss_5;188;281;18706.803;1;103.95;1000.00;acked
cmp_fixed1000_delay_100_loss_5;189;282;18802.706;1;104.06;1000.00;acked
cmp_fixed1000_delay_100_loss_5;190;284;18906.791;1;103.96;1000.00;acked
cmp_fixed1000_delay_100_loss_5;191;285;19002.703;1;104.05;1000.00;acked
cmp_fixed1000_delay_100_loss_5;192;287;19106.776;1;104.11;1000.00;acked
cmp_fixed1000_delay_100_loss_5;193;288;19202.719;1;104.09;1000.00;acked
cmp_fixed1000_delay_100_loss_5;194;290;19306.688;1;104.07;1000.00;acked
cmp_fixed1000_delay_100_loss_5;195;291;19402.699;1;104.09;1000.00;acked
cmp_fixed1000_delay_100_loss_5;196;293;19506.814;1;103.92;1000.00;acked
cmp_fixed1000_delay_100_loss_5;197;294;19602.855;2;1111.86;1000.00;acked
cmp_fixed1000_delay_100_loss_5;198;296;19706.759;1;103.99;1000.00;acked
cmp_fixed1000_delay_100_loss_5;199;297;19802.708;1;104.09;1000.00;acked
cmp_fixed1000_delay_100_loss_5;200;299;19906.818;1;103.91;1000.00;acked
cmp_fixed100_delay_100_loss_5;1;0;0.018;1;103.69;100.00;acked
cmp_fixed100_delay_100_loss_5;2;2;103.727;2;104.00;100.00;acked
cmp_fixed100_delay_100_loss_5;3;3;207.667;3;207.96;100.00;acked
cmp_fixed100_delay_100_loss_5;4;5;303.616;1;104.03;100.00;acked
cmp_fixed100_delay_100_loss_5;5;6;407.661;1;103.96;100.00;acked
cmp_fixed100_delay_100_loss_5;6;8;503.549;2;104.16;100.00;acked
cmp_fixed100_delay_100_loss_5;7;9;607.640;2;104.01;100.00;acked
cmp_fixed100_delay_100_loss_5;8;11;703.570;2;104.15;100.00;acked
cmp_fixed100_delay_100_loss_5;9;12;807.654;2;104.05;100.00;acked
cmp_fixed100_delay_100_loss_5;10;14;903.551;2;104.15;100.00;acked
cmp_fixed100_delay_100_loss_5;11;15;1007.639;2;207.98;100.00;acked
cmp_fixed100_delay_100_loss_5;12;17;1103.590;2;104.15;100.00;acked
cmp_fixed100_delay_100_loss_5;13;18;1207.684;2;103.99;100.00;acked
cmp_fixed100_delay_100_loss_5;14;20;1303.593;2;104.12;100.00;acked
cmp_fixed100_delay_100_loss_5;15;21;1407.629;2;104.02;100.00;acked
cmp_fixed100_delay_100_loss_5;16;23;1503.566;2;104.13;100.00;acked
cmp_fixed100_delay_100_loss_5;17;24;1607.627;2;104.04;100.00;acked
cmp_fixed100_delay_100_loss_5;18;26;1703.565;2;104.13;100.00;acked
cmp_fixed100_delay_100_loss_5;19;27;1807.633;2;104.00;100.00;acked
cmp_fixed100_delay_100_loss_5;20;29;1903.590;2;104.13;100.00;acked
cmp_fixed100_delay_100_loss_5;21;30;2007.658;1;103.98;100.00;acked
cmp_fixed100_delay_100_loss_5;22;32;2103.598;1;104.08;100.00;acked
cmp_fixed100_delay_100_loss_5;23;33;2207.698;2;104.00;100.00;acked
cmp_fixed100_delay_100_loss_5;24;35;2303.596;1;104.12;100.00;acked
cmp_fixed100_delay_100_loss_5;25;36;2407.733;2;103.93;100.00;acked
cmp_fixed100_delay_100_loss_5;26;38;2503.604;1;104.06;100.00;acked
cmp_fixed100_delay_100_loss_5;27;39;2607.690;1;103.93;100.00;acked
cmp_fixed100_delay_100_loss_5;28;41;2703.600;1;104.02;100.00;acked
cmp_fixed100_delay_100_loss_5;29;42;2807.640;1;103.96;100.00;acked
cmp_fixed100_delay_100_loss_5;30;44;2903.551;1;104.06;100.00;acked
cmp_fixed100_delay_100_loss_5;31;45;3007.635;1;104.01;100.00;acked
cmp_fixed100_delay_100_loss_5;32;47;3103.545;1;104.09;100.00;acked
cmp_fixed100_delay_100_loss_5;33;48;3207.660;2;104.00;100.00;acked
cmp_fixed100_delay_100_loss_5;34;50;3303.589;2;104.09;100.00;acked
cmp_fixed100_delay_100_loss_5;35;51;3407.617;2;104.03;100.00;acked
cmp_fixed100_delay_100_loss_5;36;53;3503.604;2;104.15;100.00;acked
cmp_fixed100_delay_100_loss_5;37;54;3607.680;2;103.99;100.00;acked
cmp_fixed100_delay_100_loss_5;38;56;3703.600;4;312.32;100.00;acked
cmp_fixed100_delay_100_loss_5;39;57;3807.705;1;103.93;100.00;acked
cmp_fixed100_delay_100_loss_5;40;59;3903.596;1;104.09;100.00;acked
cmp_fixed100_delay_100_loss_5;41;60;4007.705;2;104.04;100.00;acked
cmp_fixed100_delay_100_loss_5;42;62;4103.548;2;104.19;100.00;acked
cmp_fixed100_delay_100_loss_5;43;63;4207.672;2;104.07;100.00;acked
cmp_fixed100_delay_100_loss_5;44;65;4303.603;2;104.10;100.00;acked
cmp_fixed100_delay_100_loss_5;45;66;4407.644;2;104.16;100.00;acked
cmp_fixed100_delay_100_loss_5;46;68;4503.581;2;104.11;100.00;acked
cmp_fixed100_delay_100_loss_5;47;69;4607.638;2;104.06;100.00;acked
cmp_fixed100_delay_100_loss_5;48;71;4703.605;2;104.08;100.00;acked
cmp_fixed100_delay_100_loss_5;49;72;4807.617;2;104.06;100.00;acked
cmp_fixed100_delay_100_loss_5;50;74;4903.601;2;104.10;100.00;acked
cmp_fixed100_delay_100_loss_5;51;75;5007.632;2;104.09;100.00;acked
cmp_fixed100_delay_100_loss_5;52;77;5103.539;2;104.14;100.00;acked
cmp_fixed100_delay_100_loss_5;53;78;5207.609;2;104.03;100.00;acked
cmp_fixed100_delay_100_loss_5;54;80;5303.604;2;208.03;100.00;acked
cmp_fixed100_delay_100_loss_5;55;81;5407.710;2;103.95;100.00;acked
cmp_fixed100_delay_100_loss_5;56;83;5503.579;2;104.20;100.00;acked
cmp_fixed100_delay_100_loss_5;57;84;5607.687;2;104.04;100.00;acked
cmp_fixed100_delay_100_loss_5;58;86;5703.582;2;104.16;100.00;acked
cmp_fixed100_delay_100_loss_5;59;87;5807.671;2;103.97;100.00;acked
cmp_fixed100_delay_100_loss_5;60;89;5903.563;2;104.13;100.00;acked
cmp_fixed100_delay_100_loss_5;61;90;6007.633;2;104.01;100.00;acked
cmp_fixed100_delay_100_loss_5;62;92;6103.562;2;104.16;100.00;acked
cmp_fixed100_delay_100_loss_5;63;93;6207.642;2;104.11;100.00;acked
cmp_fixed100_delay_100_loss_5;64;95;6303.561;1;104.12;100.00;acked
cmp_fixed100_delay_100_loss_5;65;96;6407.698;2;103.96;100.00;acked
cmp_fixed100_delay_100_loss_5;66;98;6503.588;2;104.19;100.00;acked
cmp_fixed100_delay_100_loss_5;67;99;6607.685;2;103.95;100.00;acked
cmp_fixed100_delay_100_loss_5;68;101;6703.591;1;104.05;100.00;acked
cmp_fixed100_delay_100_loss_5;69;102;6807.702;1;103.95;100.00;acked
cmp_fixed100_delay_100_loss_5;70;104;6903.571;1;104.10;100.00;acked
cmp_fixed100_delay_100_loss_5;71;105;7007.692;1;104.04;100.00;acked
cmp_fixed100_delay_100_loss_5;72;107;7103.580;1;104.05;100.00;acked
cmp_fixed100_delay_100_loss_5;73;108;7207.652;1;103.99;100.00;acked
cmp_fixed100_delay_100_loss_5;74;110;7303.608;1;104.03;100.00;acked
cmp_fixed100_delay_100_loss_5;75;111;7407.659;1;103.98;100.00;acked
cmp_fixed100_delay_100_loss_5;76;113;7503.620;2;207.99;100.00;acked
cmp_fixed100_delay_100_loss_5;77;114;7607.702;2;103.93;100.00;acked
cmp_fixed100_delay_100_loss_5;78;116;7703.571;2;104.11;100.00;acked
cmp_fixed100_delay_100_loss_5;79;117;7807.626;2;104.00;100.00;acked
cmp_fixed100_delay_100_loss_5;80;119;7903.573;3;208.08;100.00;acked
cmp_fixed100_delay_100_loss_5;81;120;8007.676;2;103.98;100.00;acked
cmp_fixed100_delay_100_loss_5;82;122;8103.575;3;312.05;100.00;acked
cmp_fixed100_delay_100_loss_5;83;123;8207.607;1;104.03;100.00;acked
cmp_fixed100_delay_100_loss_5;84;125;8303.601;2;104.11;100.00;acked
cmp_fixed100_delay_100_loss_5;85;126;8407.634;3;208.05;100.00;acked
cmp_fixed100_delay_100_loss_5;86;128;8503.607;1;104.01;100.00;acked
cmp_fixed100_delay_100_loss_5;87;129;8607.672;2;103.98;100.00;acked
cmp_fixed100_delay_100_loss_5;88;131;8703.618;2;207.99;100.00;acked
cmp_fixed100_delay_100_loss_5;89;132;8807.663;2;103.98;100.00;acked
cmp_fixed100_delay_100_loss_5;90;134;8903.573;2;104.14;100.00;acked
cmp_fixed100_delay_100_loss_5;91;135;9007.659;1;103.89;100.00;acked
cmp_fixed100_delay_100_loss_5;92;137;9103.602;1;104.10;100.00;acked
cmp_fixed100_delay_100_loss_5;93;138;9207.726;2;103.95;100.00;acked
cmp_fixed100_delay_100_loss_5;94;140;9303.558;1;104.04;100.00;acked
cmp_fixed100_delay_100_loss_5;95;141;9407.617;2;104.07;100.00;acked
cmp_fixed100_delay_100_loss_5;96;143;9503.599;1;104.03;100.00;acked
cmp_fixed100_delay_100_loss_5;97;144;9607.647;2;104.02;100.00;acked
cmp_fixed100_delay_100_loss_5;98;146;9703.579;1;104.07;100.00;acked
cmp_fixed100_delay_100_loss_5;99;147;9807.668;2;104.03;100.00;acked
cmp_fixed100_delay_100_loss_5;100;149;9903.570;2;104.18;100.00;acked
cmp_fixed100_delay_100_loss_5;101;150;10007.686;2;103.97;100.00;acked
cmp_fixed100_delay_100_loss_5;102;152;10103.580;2;104.14;100.00;acked
cmp_fixed100_delay_100_loss_5;103;153;10207.658;2;103.97;100.00;acked
cmp_fixed100_delay_100_loss_5;104;155;10303.560;1;104.11;100.00;acked
cmp_fixed100_delay_100_loss_5;105;156;10407.695;1;103.92;100.00;acked
cmp_fixed100_delay_100_loss_5;106;158;10503.629;1;104.00;100.00;acked
cmp_fixed100_delay_100_loss_5;107;159;10607.650;2;104.00;100.00;acked
cmp_fixed100_delay_100_loss_5;108;161;10703.572;1;104.06;100.00;acked
cmp_fixed100_delay_100_loss_5;109;162;10807.648;2;207.95;100.00;acked
cmp_fixed100_delay_100_loss_5;110;164;10903.580;2;104.12;100.00;acked
cmp_fixed100_delay_100_loss_5;111;165;11007.628;2;104.02;100.00;acked
cmp_fixed100_delay_100_loss_5;112;167;11103.585;1;104.04;100.00;acked
cmp_fixed100_delay_100_loss_5;113;168;11207.638;2;104.06;100.00;acked
cmp_fixed100_delay_100_loss_5;114;170;11303.582;1;104.07;100.00;acked
cmp_fixed100_delay_100_loss_5;115;171;11407.676;2;104.03;100.00;acked
cmp_fixed100_delay_100_loss_5;116;173;11503.580;1;105.40;100.00;acked
cmp_fixed100_delay_100_loss_5;117;174;11609.006;3;206.66;100.00;acked
cmp_fixed100_delay_100_loss_5;118;176;11703.580;1;104.11;100.00;acked
cmp_fixed100_delay_100_loss_5;119;177;11807.722;1;103.87;100.00;acked
cmp_fixed100_delay_100_loss_5;120;179;11903.581;1;104.08;100.00;acked
cmp_fixed100_delay_100_loss_5;121;180;12007.688;2;104.09;100.00;acked
cmp_fixed100_delay_100_loss_5;122;182;12103.590;1;104.09;100.00;acked
cmp_fixed100_delay_100_loss_5;123;183;12207.705;1;103.92;100.00;acked
cmp_fixed100_delay_100_loss_5;124;185;12303.650;1;104.00;100.00;acked
cmp_fixed100_delay_100_loss_5;125;186;12407.674;1;103.95;100.00;acked
cmp_fixed100_delay_100_loss_5;126;188;12503.575;1;104.06;100.00;acked
cmp_fixed100_delay_100_loss_5;127;189;12607.655;2;104.00;100.00;acked
cmp_fixed100_delay_100_loss_5;128;191;12703.584;1;104.04;100.00;acked
cmp_fixed100_delay_100_loss_5;129;192;12807.636;2;207.93;100.00;acked
cmp_fixed100_delay_100_loss_5;130;194;12903.630;2;104.06;100.00;acked
cmp_fixed100_delay_100_loss_5;131;195;13007.624;2;208.00;100.00;acked
cmp_fixed100_delay_100_loss_5;132;197;13103.590;2;104.15;100.00;acked
cmp_fixed100_delay_100_loss_5;133;198;13207.694;1;103.90;100.00;acked
cmp_fixed100_delay_100_loss_5;134;200;13303.632;1;104.01;100.00;acked
cmp_fixed100_delay_100_loss_5;135;201;13407.662;1;104.00;100.00;acked
cmp_fixed100_delay_100_loss_5;136;203;13503.562;1;104.11;100.00;acked
cmp_fixed100_delay_100_loss_5;137;204;13607.692;2;207.92;100.00;acked
cmp_fixed100_delay_100_loss_5;138;206;13703.590;2;104.13;100.00;acked
cmp_fixed100_delay_100_loss_5;139;207;13807.656;2;104.01;100.00;acked
cmp_fixed100_delay_100_loss_5;140;209;13903.678;2;104.06;100.00;acked
cmp_fixed100_delay_100_loss_5;141;210;14007.668;2;104.00;100.00;acked
cmp_fixed100_delay_100_loss_5;142;212;14103.599;1;104.03;100.00;acked
cmp_fixed100_delay_100_loss_5;143;213;14207.643;2;104.19;100.00;acked
cmp_fixed100_delay_100_loss_5;144;215;14303.650;1;103.99;100.00;acked
cmp_fixed100_delay_100_loss_5;145;216;14407.677;1;103.96;100.00;acked
cmp_fixed100_delay_100_loss_5;146;218;14503.571;1;104.08;100.00;acked
cmp_fixed100_delay_100_loss_5;147;219;14607.676;2;103.89;100.00;acked
cmp_fixed100_delay_100_loss_5;148;221;14703.567;2;104.17;100.00;acked
cmp_fixed100_delay_100_loss_5;149;222;14807.632;2;104.03;100.00;acked
cmp_fixed100_delay_100_loss_5;150;224;14903.613;1;104.02;100.00;acked
cmp_fixed100_delay_100_loss_5;151;225;15007.652;2;104.03;100.00;acked
cmp_fixed100_delay_100_loss_5;152;227;15103.618;1;104.06;100.00;acked
cmp_fixed100_delay_100_loss_5;153;228;15207.705;1;103.91;100.00;acked
cmp_fixed100_delay_100_loss_5;154;230;15303.587;2;208.05;100.00;acked
cmp_fixed100_delay_100_loss_5;155;231;15407.693;2;207.88;100.00;acked
cmp_fixed100_delay_100_loss_5;156;233;15503.569;2;208.02;100.00;acked
cmp_fixed100_delay_100_loss_5;157;234;15607.682;2;103.92;100.00;acked
cmp_fixed100_delay_100_loss_5;158;236;15703.599;2;104.09;100.00;acked
cmp_fixed100_delay_100_loss_5;159;237;15807.621;2;103.99;100.00;acked
cmp_fixed100_delay_100_loss_5;160;239;15903.549;2;104.15;100.00;acked
cmp_fixed100_delay_100_loss_5;161;240;16007.626;2;104.02;100.00;acked
cmp_fixed100_delay_100_loss_5;162;242;16103.552;1;104.09;100.00;acked
cmp_fixed100_delay_100_loss_5;163;243;16207.667;3;311.95;100.00;acked
cmp_fixed100_delay_100_loss_5;164;245;16303.590;1;104.06;100.00;acked
cmp_fixed100_delay_100_loss_5;165;246;16407.669;2;104.05;100.00;acked
cmp_fixed100_delay_100_loss_5;166;248;16503.584;2;104.14;100.00;acked
cmp_fixed100_delay_100_loss_5;167;249;16607.661;2;103.97;100.00;acked
cmp_fixed100_delay_100_loss_5;168;251;16703.584;1;104.06;100.00;acked
cmp_fixed100_delay_100_loss_5;169;252;16807.664;1;103.96;100.00;acked
cmp_fixed100_delay_100_loss_5;170;254;16903.659;1;103.99;100.00;acked
cmp_fixed100_delay_100_loss_5;171;255;17007.672;1;103.94;100.00;acked
cmp_fixed100_delay_100_loss_5;172;257;17103.567;2;104.12;100.00;acked
cmp_fixed100_delay_100_loss_5;173;258;17207.616;2;104.04;100.00;acked
cmp_fixed100_delay_100_loss_5;174;260;17303.617;1;104.07;100.00;acked
cmp_fixed100_delay_100_loss_5;175;261;17407.709;3;208.01;100.00;acked
cmp_fixed100_delay_100_loss_5;176;263;17503.634;1;104.06;100.00;acked
cmp_fixed100_delay_100_loss_5;177;264;17607.723;1;103.96;100.00;acked
cmp_fixed100_delay_100_loss_5;178;266;17703.582;1;104.06;100.00;acked
cmp_fixed100_delay_100_loss_5;179;267;17807.661;1;103.93;100.00;acked
cmp_fixed100_delay_100_loss_5;180;269;17903.610;1;104.02;100.00;acked
cmp_fixed100_delay_100_loss_5;181;270;18007.647;1;103.97;100.00;acked
cmp_fixed100_delay_100_loss_5;182;272;18103.551;1;104.05;100.00;acked
cmp_fixed100_delay_100_loss_5;183;273;18207.622;2;104.04;100.00;acked
cmp_fixed100_delay_100_loss_5;184;275;18303.571;1;104.07;100.00;acked
cmp_fixed100_delay_100_loss_5;185;276;18407.666;2;103.98;100.00;acked
cmp_fixed100_delay_100_loss_5;186;278;18503.629;1;104.07;100.00;acked
cmp_fixed100_delay_100_loss_5;187;279;18607.720;2;103.91;100.00;acked
cmp_fixed100_delay_100_loss_5;188;281;18703.582;1;104.41;100.00;acked
cmp_fixed100_delay_100_loss_5;189;282;18808.016;3;207.67;100.00;acked
cmp_fixed100_delay_100_loss_5;190;284;18903.598;1;103.99;100.00;acked
cmp_fixed100_delay_100_loss_5;191;285;19007.611;2;104.13;100.00;acked
cmp_fixed100_delay_100_loss_5;192;287;19103.581;1;104.06;100.00;acked
cmp_fixed100_delay_100_loss_5;193;288;19207.675;1;103.95;100.00;acked
cmp_fixed100_delay_100_loss_5;194;290;19303.582;3;208.17;100.00;acked
cmp_fixed100_delay_100_loss_5;195;291;19407.675;2;104.09;100.00;acked
cmp_fixed100_delay_100_loss_5;196;293;19503.633;1;104.01;100.00;acked
cmp_fixed100_delay_100_loss_5;197;294;19607.668;2;104.05;100.00;acked
cmp_fixed100_delay_100_loss_5;198;296;19703.612;1;104.01;100.00;acked
cmp_fixed100_delay_100_loss_5;199;297;19807.646;1;106.85;100.00;acked
cmp_fixed100_delay_100_loss_5;200;299;19903.595;1;104.07;100.00;acked
extra_loss_20_max2;1;0;0.019;1;0.27;100.00;acked
extra_loss_20_max2;2;2;100.609;2;104.15;100.00;acked
extra_loss_20_max2;3;3;204.730;1;0.03;100.00;acked
extra_loss_20_max2;4;5;300.618;1;0.10;100.00;acked
extra_loss_20_max2;5;6;404.564;1;0.13;100.00;acked
extra_loss_20_max2;6;8;500.616;2;104.09;100.00;acked
extra_loss_20_max2;7;9;604.697;1;0.02;100.00;acked
extra_loss_20_max2;8;11;700.604;1;0.14;100.00;acked
extra_loss_20_max2;9;12;804.547;2;104.12;100.00;acked
extra_loss_20_max2;10;14;900.558;2;;100.00;failed
extra_loss_20_max2;11;15;1004.642;1;0.03;100.00;acked
extra_loss_20_max2;12;17;1100.621;2;;100.00;failed
extra_loss_20_max2;13;18;1204.639;1;0.07;100.00;acked
extra_loss_20_max2;14;20;1300.544;2;;100.00;failed
extra_loss_20_max2;15;21;1404.705;1;0.03;100.00;acked
extra_loss_20_max2;16;23;1500.621;1;0.09;100.00;acked
extra_loss_20_max2;17;24;1604.563;1;0.12;100.00;acked
extra_loss_20_max2;18;26;1700.566;2;104.13;100.00;acked
extra_loss_20_max2;19;27;1804.676;2;104.00;100.00;acked
extra_loss_20_max2;20;29;1900.519;2;104.18;100.00;acked
extra_loss_20_max2;21;30;2004.674;1;0.02;100.00;acked
extra_loss_20_max2;22;32;2100.554;1;0.11;100.00;acked
extra_loss_20_max2;23;33;2204.555;2;;100.00;failed
extra_loss_20_max2;24;35;2300.558;1;0.11;100.00;acked
extra_loss_20_max2;25;36;2404.553;2;;100.00;failed
extra_loss_20_max2;26;38;2500.570;2;;100.00;failed
extra_loss_20_max2;27;39;2604.646;1;0.03;100.00;acked
extra_loss_20_max2;28;41;2700.583;1;0.11;100.00;acked
extra_loss_20_max2;29;42;2804.578;2;;100.00;failed
extra_loss_20_max2;30;44;2900.547;2;104.11;100.00;acked
extra_loss_20_max2;31;45;3004.591;1;0.07;100.00;acked
extra_loss_20_max2;32;47;3100.569;2;;100.00;failed
extra_loss_20_max2;33;48;3204.652;1;0.03;100.00;acked
extra_loss_20_max2;34;50;3300.609;2;104.08;100.00;acked
extra_loss_20_max2;35;51;3404.626;1;0.07;100.00;acked
extra_loss_20_max2;36;53;3500.569;1;0.14;100.00;acked
extra_loss_20_max2;37;54;3604.590;2;104.11;100.00;acked
extra_loss_20_max2;38;56;3700.555;1;0.10;100.00;acked
extra_loss_20_max2;39;57;3804.620;2;;100.00;failed
extra_loss_20_max2;40;59;3900.558;2;104.13;100.00;acked
extra_loss_20_max2;41;60;4004.658;2;103.99;100.00;acked
extra_loss_20_max2;42;62;4100.596;2;104.09;100.00;acked
extra_loss_20_max2;43;63;4204.665;2;;100.00;failed
extra_loss_20_max2;44;65;4300.522;1;0.11;100.00;acked
extra_loss_20_max2;45;66;4404.552;1;0.10;100.00;acked
extra_loss_20_max2;46;68;4500.554;1;0.09;100.00;acked
extra_loss_20_max2;47;69;4604.535;2;;100.00;failed
extra_loss_20_max2;48;71;4700.557;1;0.11;100.00;acked
extra_loss_20_max2;49;72;4804.541;2;104.10;100.00;acked
extra_loss_20_max2;50;74;4900.651;2;;100.00;failed
extra_loss_20_max2;51;75;5004.716;2;103.88;100.00;acked
extra_loss_20_max2;52;77;5100.581;1;0.11;100.00;acked
extra_loss_20_max2;53;78;5204.610;1;0.12;100.00;acked
extra_loss_20_max2;54;80;5300.606;2;100.13;100.00;acked
extra_loss_20_max2;55;81;5400.588;1;0.11;100.00;acked
extra_loss_20_max2;56;83;5500.798;2;103.92;100.00;acked
extra_loss_20_max2;57;84;5604.707;1;0.02;100.00;acked
extra_loss_20_max2;58;86;5700.638;2;104.07;100.00;acked
extra_loss_20_max2;59;87;5804.682;1;0.03;100.00;acked
extra_loss_20_max2;60;89;5900.555;2;104.13;100.00;acked
extra_loss_20_max2;61;90;6004.680;2;103.98;100.00;acked
extra_loss_20_max2;62;92;6100.583;2;104.15;100.00;acked
extra_loss_20_max2;63;93;6204.718;2;103.96;100.00;acked
extra_loss_20_max2;64;95;6300.608;1;0.10;100.00;acked
extra_loss_20_max2;65;96;6404.599;1;0.12;100.00;acked
extra_loss_20_max2;66;98;6500.566;2;;100.00;failed
extra_loss_20_max2;67;99;6604.646;1;0.06;100.00;acked
extra_loss_20_max2;68;101;6700.621;2;;100.00;failed
extra_loss_20_max2;69;102;6804.652;2;104.00;100.00;acked
extra_loss_20_max2;70;104;6900.579;1;0.10;100.00;acked
extra_loss_20_max2;71;105;7004.531;1;0.11;100.00;acked
extra_loss_20_max2;72;107;7104.605;1;0.12;100.00;acked
extra_loss_20_max2;73;108;7200.546;1;0.13;100.00;acked
extra_loss_20_max2;74;110;7304.584;2;104.08;100.00;acked
extra_loss_20_max2;75;111;7400.630;2;104.04;100.00;acked
extra_loss_20_max2;76;113;7504.658;1;0.02;100.00;acked
extra_loss_20_max2;77;114;7600.578;1;0.12;100.00;acked
extra_loss_20_max2;78;116;7704.524;1;0.11;100.00;acked
extra_loss_20_max2;79;117;7800.577;2;104.12;100.00;acked
extra_loss_20_max2;80;119;7904.640;2;103.96;100.00;acked
extra_loss_20_max2;81;120;8000.554;1;0.15;100.00;acked
extra_loss_20_max2;82;122;8104.550;2;;100.00;failed
extra_loss_20_max2;83;123;8200.554;2;104.12;100.00;acked
extra_loss_20_max2;84;125;8304.667;1;0.01;100.00;acked
extra_loss_20_max2;85;126;8400.561;1;0.11;100.00;acked
extra_loss_20_max2;86;128;8504.566;1;0.11;100.00;acked
extra_loss_20_max2;87;129;8600.532;1;0.13;100.00;acked
extra_loss_20_max2;88;131;8704.552;1;0.11;100.00;acked
extra_loss_20_max2;89;132;8800.550;2;104.15;100.00;acked
extra_loss_20_max2;90;134;8904.645;1;0.06;100.00;acked
extra_loss_20_max2;91;135;9000.570;1;0.12;100.00;acked
extra_loss_20_max2;92;137;9104.591;2;104.07;100.00;acked
extra_loss_20_max2;93;138;9200.556;1;0.15;100.00;acked
extra_loss_20_max2;94;140;9304.567;1;0.10;100.00;acked
extra_loss_20_max2;95;141;9400.617;2;;100.00;failed
extra_loss_20_max2;96;143;9504.640;1;0.02;100.00;acked
extra_loss_20_max2;97;144;9600.611;1;0.12;100.00;acked
extra_loss_20_max2;98;146;9704.553;2;104.09;100.00;acked
extra_loss_20_max2;99;147;9800.526;2;;100.00;failed
extra_loss_20_max2;100;149;9904.696;2;103.98;100.00;acked
extra_loss_20_max2;101;150;10000.577;1;0.16;100.00;acked
extra_loss_20_max2;102;152;10104.551;1;0.10;100.00;acked
extra_loss_20_max2;103;153;10200.532;2;104.15;100.00;acked
extra_loss_20_max2;104;155;10304.679;1;0.02;100.00;acked
extra_loss_20_max2;105;156;10400.575;1;0.13;100.00;acked
extra_loss_20_max2;106;158;10504.592;2;104.05;100.00;acked
extra_loss_20_max2;107;159;10600.553;2;104.08;100.00;acked
extra_loss_20_max2;108;161;10704.573;1;0.06;100.00;acked
extra_loss_20_max2;109;162;10800.622;1;0.11;100.00;acked
extra_loss_20_max2;110;164;10904.587;1;0.12;100.00;acked
extra_loss_20_max2;111;165;11000.542;1;0.19;100.00;acked
extra_loss_20_max2;112;167;11104.542;2;;100.00;failed
extra_loss_20_max2;113;168;11200.554;1;0.12;100.00;acked
extra_loss_20_max2;114;170;11304.563;1;0.12;100.00;acked
extra_loss_20_max2;115;171;11400.592;1;0.13;100.00;acked
extra_loss_20_max2;116;173;11504.542;2;;100.00;failed
extra_loss_20_max2;117;174;11600.583;2;;100.00;failed
extra_loss_20_max2;118;176;11704.614;1;0.06;100.00;acked
extra_loss_20_max2;119;177;11800.593;2;104.05;100.00;acked
extra_loss_20_max2;120;179;11904.633;1;0.01;100.00;acked
extra_loss_20_max2;121;180;12000.551;1;0.13;100.00;acked
extra_loss_20_max2;122;182;12104.598;2;104.08;100.00;acked
extra_loss_20_max2;123;183;12200.606;1;0.11;100.00;acked
extra_loss_20_max2;124;185;12300.542;1;0.11;100.00;acked
extra_loss_20_max2;125;186;12404.532;1;0.15;100.00;acked
extra_loss_20_max2;126;188;12500.561;1;0.09;100.00;acked
extra_loss_20_max2;127;189;12604.556;2;104.16;100.00;acked
extra_loss_20_max2;128;191;12700.575;1;0.16;100.00;acked
extra_loss_20_max2;129;192;12804.574;2;;100.00;failed
extra_loss_20_max2;130;194;12900.548;1;0.25;100.00;acked
extra_loss_20_max2;131;195;13004.539;1;0.11;100.00;acked
extra_loss_20_max2;132;197;13100.529;2;;100.00;failed
extra_loss_20_max2;133;198;13204.712;2;103.96;100.00;acked
extra_loss_20_max2;134;200;13300.547;2;104.13;100.00;acked
extra_loss_20_max2;135;201;13404.654;2;103.94;100.00;acked
extra_loss_20_max2;136;203;13500.541;1;0.10;100.00;acked
extra_loss_20_max2;137;204;13604.570;2;104.09;100.00;acked
extra_loss_20_max2;138;206;13700.552;1;0.10;100.00;acked
extra_loss_20_max2;139;207;13804.590;1;0.12;100.00;acked
extra_loss_20_max2;140;209;13900.610;1;0.14;100.00;acked
extra_loss_20_max2;141;210;14004.566;1;0.10;100.00;acked
extra_loss_20_max2;142;212;14100.559;1;0.10;100.00;acked
extra_loss_20_max2;143;213;14204.566;2;104.08;100.00;acked
extra_loss_20_max2;144;215;14300.564;1;0.10;100.00;acked
extra_loss_20_max2;145;216;14404.591;1;0.10;100.00;acked
extra_loss_20_max2;146;218;14500.562;1;0.20;100.00;acked
extra_loss_20_max2;147;219;14604.524;1;0.11;100.00;acked
extra_loss_20_max2;148;221;14700.575;1;0.14;100.00;acked
extra_loss_20_max2;149;222;14804.593;1;0.13;100.00;acked
extra_loss_20_max2;150;224;14900.564;1;0.10;100.00;acked
extra_loss_20_max2;151;225;15004.558;1;0.10;100.00;acked
extra_loss_20_max2;152;227;15100.608;1;0.13;100.00;acked
extra_loss_20_max2;153;228;15204.542;1;0.15;100.00;acked
extra_loss_20_max2;154;230;15300.556;1;0.10;100.00;acked
extra_loss_20_max2;155;231;15404.532;1;0.11;100.00;acked
extra_loss_20_max2;156;233;15500.562;1;0.11;100.00;acked
extra_loss_20_max2;157;234;15604.569;1;0.12;100.00;acked
extra_loss_20_max2;158;236;15700.566;1;0.11;100.00;acked
extra_loss_20_max2;159;237;15804.593;1;0.19;100.00;acked
extra_loss_20_max2;160;239;15900.570;1;0.11;100.00;acked
extra_loss_20_max2;161;240;16004.559;1;0.13;100.00;acked
extra_loss_20_max2;162;242;16100.530;2;;100.00;failed
extra_loss_20_max2;163;243;16204.672;2;103.99;100.00;acked
extra_loss_20_max2;164;245;16300.541;1;0.11;100.00;acked
extra_loss_20_max2;165;246;16404.574;1;0.12;100.00;acked
extra_loss_20_max2;166;248;16500.545;2;104.11;100.00;acked
extra_loss_20_max2;167;249;16604.637;1;0.02;100.00;acked
extra_loss_20_max2;168;251;16700.551;1;0.13;100.00;acked
extra_loss_20_max2;169;252;16804.561;2;104.06;100.00;acked
extra_loss_20_max2;170;254;16900.560;1;0.10;100.00;acked
extra_loss_20_max2;171;255;17004.570;2;;100.00;failed
extra_loss_20_max2;172;257;17100.550;1;0.11;100.00;acked
extra_loss_20_max2;173;258;17204.567;1;0.09;100.00;acked
extra_loss_20_max2;174;260;17300.573;1;0.11;100.00;acked
extra_loss_20_max2;175;261;17404.647;1;0.12;100.00;acked
extra_loss_20_max2;176;263;17500.588;2;104.13;100.00;acked
extra_loss_20_max2;177;264;17604.694;1;0.03;100.00;acked
extra_loss_20_max2;178;266;17700.576;2;;100.00;failed
extra_loss_20_max2;179;267;17804.774;2;103.92;100.00;acked
extra_loss_20_max2;180;269;17900.575;1;0.09;100.00;acked
extra_loss_20_max2;181;270;18004.576;1;0.14;100.00;acked
extra_loss_20_max2;182;272;18100.575;1;0.14;100.00;acked
extra_loss_20_max2;183;273;18204.554;1;0.14;100.00;acked
extra_loss_20_max2;184;275;18300.588;2;;100.00;failed
extra_loss_20_max2;185;276;18404.667;1;0.03;100.00;acked
extra_loss_20_max2;186;278;18500.562;2;104.15;100.00;acked
extra_loss_20_max2;187;279;18604.633;1;0.08;100.00;acked
extra_loss_20_max2;188;281;18700.587;2;;100.00;failed
extra_loss_20_max2;189;282;18805.383;2;103.29;100.00;acked
extra_loss_20_max2;190;284;18900.578;2;104.11;100.00;acked
extra_loss_20_max2;191;285;19004.665;1;0.03;100.00;acked
extra_loss_20_max2;192;287;19100.569;2;104.38;100.00;acked
extra_loss_20_max2;193;288;19204.897;2;103.80;100.00;acked
extra_loss_20_max2;194;290;19300.531;2;104.20;100.00;acked
extra_loss_20_max2;195;291;19404.668;1;0.07;100.00;acked
extra_loss_20_max2;196;293;19500.597;2;104.08;100.00;acked
extra_loss_20_max2;197;294;19604.656;1;0.02;100.00;acked
extra_loss_20_max2;198;296;19700.566;1;0.11;100.00;acked
extra_loss_20_max2;199;297;19804.541;1;0.13;100.00;acked
extra_loss_20_max2;200;299;19900.568;1;0.12;100.00;acked
